"Step","VeryHighPen-DR3 - rollout/ep_len_mean","VeryHighPen-DR3 - rollout/ep_len_mean__MIN","VeryHighPen-DR3 - rollout/ep_len_mean__MAX","MedPen-HoleNoise - rollout/ep_len_mean","MedPen-HoleNoise - rollout/ep_len_mean__MIN","MedPen-HoleNoise - rollout/ep_len_mean__MAX"
"0","2.1645569801330566","2.1645569801330566","2.1645569801330566","","",""
"1","4.333333492279053","4.333333492279053","4.333333492279053","","",""
"2","4.333333492279053","4.333333492279053","4.333333492279053","","",""
"3","240.07000732421875","240.07000732421875","240.07000732421875","250","250","250"
"4","240.07000732421875","240.07000732421875","240.07000732421875","250","250","250"
"5","240.07000732421875","240.07000732421875","240.07000732421875","250","250","250"
"6","240.07000732421875","240.07000732421875","240.07000732421875","250","250","250"
"7","205.27999877929688","205.27999877929688","205.27999877929688","250","250","250"
"8","203.05999755859375","203.05999755859375","203.05999755859375","250","250","250"
"9","203.05999755859375","203.05999755859375","203.05999755859375","250","250","250"
"10","203.05999755859375","203.05999755859375","203.05999755859375","250","250","250"
"11","237.57000732421875","237.57000732421875","237.57000732421875","250","250","250"
"12","237.57000732421875","237.57000732421875","237.57000732421875","250","250","250"
"13","237.57000732421875","237.57000732421875","237.57000732421875","250","250","250"
"14","237.1199951171875","237.1199951171875","237.1199951171875","250","250","250"
"15","230.14999389648438","230.14999389648438","230.14999389648438","250","250","250"
"16","230.14999389648438","230.14999389648438","230.14999389648438","250","250","250"
"17","230.14999389648438","230.14999389648438","230.14999389648438","250","250","250"
"18","230.14999389648438","230.14999389648438","230.14999389648438","250","250","250"
"19","235.10000610351562","235.10000610351562","235.10000610351562","250","250","250"
"20","235.10000610351562","235.10000610351562","235.10000610351562","250","250","250"
"21","235.10000610351562","235.10000610351562","235.10000610351562","250","250","250"
"22","237.58999633789062","237.58999633789062","237.58999633789062","250","250","250"
"23","240.0800018310547","240.0800018310547","240.0800018310547","250","250","250"
"24","238.1199951171875","238.1199951171875","238.1199951171875","250","250","250"
"25","238.1199951171875","238.1199951171875","238.1199951171875","250","250","250"
"26","238.1199951171875","238.1199951171875","238.1199951171875","250","250","250"
"27","247.52000427246094","247.52000427246094","247.52000427246094","250","250","250"
"28","245.77000427246094","245.77000427246094","245.77000427246094","250","250","250"
"29","245.77000427246094","245.77000427246094","245.77000427246094","250","250","250"
"30","245.77000427246094","245.77000427246094","245.77000427246094","250","250","250"
"31","240.0800018310547","240.0800018310547","240.0800018310547","250","250","250"
"32","238.52999877929688","238.52999877929688","238.52999877929688","250","250","250"
"33","238.52999877929688","238.52999877929688","238.52999877929688","250","250","250"
"34","228.3000030517578","228.3000030517578","228.3000030517578","249.35000610351562","249.35000610351562","249.35000610351562"
"35","240.61000061035156","240.61000061035156","240.61000061035156","250","250","250"
"36","240.61000061035156","240.61000061035156","240.61000061035156","250","250","250"
"37","240.61000061035156","240.61000061035156","240.61000061035156","250","250","250"
"38","240.61000061035156","240.61000061035156","240.61000061035156","250","250","250"
"39","250","250","250","250","250","250"
"40","250","250","250","250","250","250"
"41","250","250","250","250","250","250"
"42","245.0399932861328","245.0399932861328","245.0399932861328","250","250","250"
"43","242.5800018310547","242.5800018310547","242.5800018310547","250","250","250"
"44","242.5800018310547","242.5800018310547","242.5800018310547","250","250","250"
"45","239.39999389648438","239.39999389648438","239.39999389648438","250","250","250"
"46","247.52000427246094","247.52000427246094","247.52000427246094","250","250","250"
"47","247.52000427246094","247.52000427246094","247.52000427246094","250","250","250"
"48","250","250","250","250","250","250"
"49","191.22999572753906","191.22999572753906","191.22999572753906","250","250","250"
"50","242.55999755859375","242.55999755859375","242.55999755859375","250","250","250"
"51","243.2899932861328","243.2899932861328","243.2899932861328","250","250","250"
"52","243.2899932861328","243.2899932861328","243.2899932861328","250","250","250"
"53","243.2899932861328","243.2899932861328","243.2899932861328","250","250","250"
"54","247.52000427246094","247.52000427246094","247.52000427246094","250","250","250"
"55","240.86000061035156","240.86000061035156","240.86000061035156","250","250","250"
"56","240.86000061035156","240.86000061035156","240.86000061035156","250","250","250"
"57","240.4199981689453","240.4199981689453","240.4199981689453","250","250","250"
"58","247.52000427246094","247.52000427246094","247.52000427246094","250","250","250"
"59","240.38999938964844","240.38999938964844","240.38999938964844","250","250","250"
"60","237.42999267578125","237.42999267578125","237.42999267578125","250","250","250"
"61","229.22000122070312","229.22000122070312","229.22000122070312","250","250","250"
"62","247.52000427246094","247.52000427246094","247.52000427246094","250","250","250"
"63","241.13999938964844","241.13999938964844","241.13999938964844","250","250","250"
"64","235.6999969482422","235.6999969482422","235.6999969482422","250","250","250"
"65","202.9499969482422","202.9499969482422","202.9499969482422","250","250","250"
"66","245.13999938964844","245.13999938964844","245.13999938964844","250","250","250"
"67","244.4499969482422","244.4499969482422","244.4499969482422","250","250","250"
"68","228.1999969482422","228.1999969482422","228.1999969482422","250","250","250"
"69","230.52000427246094","230.52000427246094","230.52000427246094","250","250","250"
"70","242.1199951171875","242.1199951171875","242.1199951171875","250","250","250"
"71","232.11000061035156","232.11000061035156","232.11000061035156","250","250","250"
"72","181.3000030517578","181.3000030517578","181.3000030517578","248.3800048828125","248.3800048828125","248.3800048828125"
"73","240.8000030517578","240.8000030517578","240.8000030517578","229.1699981689453","229.1699981689453","229.1699981689453"
"74","231.83999633789062","231.83999633789062","231.83999633789062","250","250","250"
"75","162.22000122070312","162.22000122070312","162.22000122070312","250","250","250"
"76","207.8800048828125","207.8800048828125","207.8800048828125","241.3800048828125","241.3800048828125","241.3800048828125"
"77","232.92999267578125","232.92999267578125","232.92999267578125","239.94000244140625","239.94000244140625","239.94000244140625"
"78","156.99000549316406","156.99000549316406","156.99000549316406","250","250","250"
"79","183.00999450683594","183.00999450683594","183.00999450683594","250","250","250"
"80","209.27000427246094","209.27000427246094","209.27000427246094","249.2100067138672","249.2100067138672","249.2100067138672"
"81","209.94000244140625","209.94000244140625","209.94000244140625","250","250","250"
"82","175","175","175","250","250","250"
"83","199.47999572753906","199.47999572753906","199.47999572753906","250","250","250"
"84","206.74000549316406","206.74000549316406","206.74000549316406","250","250","250"
"85","207.4199981689453","207.4199981689453","207.4199981689453","250","250","250"
"86","184.67999267578125","184.67999267578125","184.67999267578125","250","250","250"
"87","195.8699951171875","195.8699951171875","195.8699951171875","250","250","250"
"88","189.3699951171875","189.3699951171875","189.3699951171875","250","250","250"
"89","181.55999755859375","181.55999755859375","181.55999755859375","250","250","250"
"90","154.25999450683594","154.25999450683594","154.25999450683594","250","250","250"
"91","170.8800048828125","170.8800048828125","170.8800048828125","248.6699981689453","248.6699981689453","248.6699981689453"
"92","186.52999877929688","186.52999877929688","186.52999877929688","246.77999877929688","246.77999877929688","246.77999877929688"
"93","171.16000366210938","171.16000366210938","171.16000366210938","250","250","250"
"94","174.4600067138672","174.4600067138672","174.4600067138672","250","250","250"
"95","169.6199951171875","169.6199951171875","169.6199951171875","249.50999450683594","249.50999450683594","249.50999450683594"
"96","187.11000061035156","187.11000061035156","187.11000061035156","238.55999755859375","238.55999755859375","238.55999755859375"
"97","186.30999755859375","186.30999755859375","186.30999755859375","250","250","250"
"98","172.60000610351562","172.60000610351562","172.60000610351562","250","250","250"
"99","185.5800018310547","185.5800018310547","185.5800018310547","235.8300018310547","235.8300018310547","235.8300018310547"
"100","188.52999877929688","188.52999877929688","188.52999877929688","219.86000061035156","219.86000061035156","219.86000061035156"
"101","170.99000549316406","170.99000549316406","170.99000549316406","250","250","250"
"102","163.86000061035156","163.86000061035156","163.86000061035156","224.3699951171875","224.3699951171875","224.3699951171875"
"103","176.0800018310547","176.0800018310547","176.0800018310547","192.14999389648438","192.14999389648438","192.14999389648438"
"104","162.8000030517578","162.8000030517578","162.8000030517578","233.77000427246094","233.77000427246094","233.77000427246094"
"105","177.32000732421875","177.32000732421875","177.32000732421875","245.38999938964844","245.38999938964844","245.38999938964844"
"106","164.6699981689453","164.6699981689453","164.6699981689453","192.5800018310547","192.5800018310547","192.5800018310547"
"107","171.5399932861328","171.5399932861328","171.5399932861328","200.4199981689453","200.4199981689453","200.4199981689453"
"108","160.16000366210938","160.16000366210938","160.16000366210938","239.47000122070312","239.47000122070312","239.47000122070312"
"109","174.99000549316406","174.99000549316406","174.99000549316406","210.41000366210938","210.41000366210938","210.41000366210938"
"110","142.14999389648438","142.14999389648438","142.14999389648438","192.8000030517578","192.8000030517578","192.8000030517578"
"111","159.85000610351562","159.85000610351562","159.85000610351562","216.32000732421875","216.32000732421875","216.32000732421875"
"112","161.5800018310547","161.5800018310547","161.5800018310547","234.1300048828125","234.1300048828125","234.1300048828125"
"113","166.4199981689453","166.4199981689453","166.4199981689453","180.00999450683594","180.00999450683594","180.00999450683594"
"114","147.5399932861328","147.5399932861328","147.5399932861328","204.72000122070312","204.72000122070312","204.72000122070312"
"115","168.50999450683594","168.50999450683594","168.50999450683594","228.97000122070312","228.97000122070312","228.97000122070312"
"116","154.33999633789062","154.33999633789062","154.33999633789062","219.30999755859375","219.30999755859375","219.30999755859375"
"117","159.49000549316406","159.49000549316406","159.49000549316406","199.92999267578125","199.92999267578125","199.92999267578125"
"118","163.97000122070312","163.97000122070312","163.97000122070312","212.52999877929688","212.52999877929688","212.52999877929688"
"119","160.75999450683594","160.75999450683594","160.75999450683594","223.35000610351562","223.35000610351562","223.35000610351562"
"120","154.88999938964844","154.88999938964844","154.88999938964844","208.97999572753906","208.97999572753906","208.97999572753906"
"121","155.41000366210938","155.41000366210938","155.41000366210938","195.88999938964844","195.88999938964844","195.88999938964844"
"122","152.1699981689453","152.1699981689453","152.1699981689453","213.50999450683594","213.50999450683594","213.50999450683594"
"123","158.83999633789062","158.83999633789062","158.83999633789062","203.3699951171875","203.3699951171875","203.3699951171875"
"124","165.27999877929688","165.27999877929688","165.27999877929688","241.2100067138672","241.2100067138672","241.2100067138672"
"125","148.94000244140625","148.94000244140625","148.94000244140625","211.24000549316406","211.24000549316406","211.24000549316406"
"126","166.66000366210938","166.66000366210938","166.66000366210938","212.91000366210938","212.91000366210938","212.91000366210938"
"127","169.77000427246094","169.77000427246094","169.77000427246094","207.83999633789062","207.83999633789062","207.83999633789062"
"128","171.89999389648438","171.89999389648438","171.89999389648438","220.6300048828125","220.6300048828125","220.6300048828125"
"129","175.08999633789062","175.08999633789062","175.08999633789062","212.27000427246094","212.27000427246094","212.27000427246094"
"130","162.52999877929688","162.52999877929688","162.52999877929688","215.82000732421875","215.82000732421875","215.82000732421875"
"131","161.27000427246094","161.27000427246094","161.27000427246094","204.64999389648438","204.64999389648438","204.64999389648438"
"132","166.8000030517578","166.8000030517578","166.8000030517578","209.19000244140625","209.19000244140625","209.19000244140625"
"133","167.13999938964844","167.13999938964844","167.13999938964844","204.24000549316406","204.24000549316406","204.24000549316406"
"134","145.97000122070312","145.97000122070312","145.97000122070312","227.1699981689453","227.1699981689453","227.1699981689453"
"135","151.22999572753906","151.22999572753906","151.22999572753906","202.83999633789062","202.83999633789062","202.83999633789062"
"136","157.50999450683594","157.50999450683594","157.50999450683594","207.74000549316406","207.74000549316406","207.74000549316406"
"137","171.75","171.75","171.75","204.8699951171875","204.8699951171875","204.8699951171875"
"138","165.52999877929688","165.52999877929688","165.52999877929688","206.4600067138672","206.4600067138672","206.4600067138672"
"139","155.89999389648438","155.89999389648438","155.89999389648438","206.82000732421875","206.82000732421875","206.82000732421875"
"140","165.7100067138672","165.7100067138672","165.7100067138672","196.8800048828125","196.8800048828125","196.8800048828125"
"141","155.94000244140625","155.94000244140625","155.94000244140625","193.8000030517578","193.8000030517578","193.8000030517578"
"142","163.5","163.5","163.5","195.41000366210938","195.41000366210938","195.41000366210938"
"143","179.66000366210938","179.66000366210938","179.66000366210938","192.27999877929688","192.27999877929688","192.27999877929688"
"144","153.64999389648438","153.64999389648438","153.64999389648438","202.3800048828125","202.3800048828125","202.3800048828125"
"145","145.4600067138672","145.4600067138672","145.4600067138672","203.69000244140625","203.69000244140625","203.69000244140625"
"146","148.22999572753906","148.22999572753906","148.22999572753906","183.61000061035156","183.61000061035156","183.61000061035156"
"147","148.74000549316406","148.74000549316406","148.74000549316406","193.64999389648438","193.64999389648438","193.64999389648438"
"148","153.6999969482422","153.6999969482422","153.6999969482422","203.1199951171875","203.1199951171875","203.1199951171875"
"149","160.3000030517578","160.3000030517578","160.3000030517578","183.8300018310547","183.8300018310547","183.8300018310547"
"150","151.07000732421875","151.07000732421875","151.07000732421875","208.50999450683594","208.50999450683594","208.50999450683594"
"151","155.00999450683594","155.00999450683594","155.00999450683594","185.13999938964844","185.13999938964844","185.13999938964844"
"152","160.14999389648438","160.14999389648438","160.14999389648438","191.27000427246094","191.27000427246094","191.27000427246094"
"153","151.67999267578125","151.67999267578125","151.67999267578125","193.0800018310547","193.0800018310547","193.0800018310547"
"154","140.72000122070312","140.72000122070312","140.72000122070312","198.77999877929688","198.77999877929688","198.77999877929688"
"155","151.60000610351562","151.60000610351562","151.60000610351562","177.63999938964844","177.63999938964844","177.63999938964844"
"156","139.69000244140625","139.69000244140625","139.69000244140625","177.58999633789062","177.58999633789062","177.58999633789062"
"157","138.02999877929688","138.02999877929688","138.02999877929688","190.36000061035156","190.36000061035156","190.36000061035156"
"158","154.42999267578125","154.42999267578125","154.42999267578125","188.17999267578125","188.17999267578125","188.17999267578125"
"159","163.61000061035156","163.61000061035156","163.61000061035156","196.8300018310547","196.8300018310547","196.8300018310547"
"160","142.75","142.75","142.75","174.3000030517578","174.3000030517578","174.3000030517578"
"161","140.25999450683594","140.25999450683594","140.25999450683594","184.5500030517578","184.5500030517578","184.5500030517578"
"162","142.27999877929688","142.27999877929688","142.27999877929688","188.4499969482422","188.4499969482422","188.4499969482422"
"163","141.1999969482422","141.1999969482422","141.1999969482422","184.66000366210938","184.66000366210938","184.66000366210938"
"164","127.30000305175781","127.30000305175781","127.30000305175781","187.07000732421875","187.07000732421875","187.07000732421875"
"165","147.5800018310547","147.5800018310547","147.5800018310547","186.6999969482422","186.6999969482422","186.6999969482422"
"166","139.72000122070312","139.72000122070312","139.72000122070312","201.1999969482422","201.1999969482422","201.1999969482422"
"167","128.0800018310547","128.0800018310547","128.0800018310547","177.5","177.5","177.5"
"168","132.80999755859375","132.80999755859375","132.80999755859375","192.42999267578125","192.42999267578125","192.42999267578125"
"169","129.0800018310547","129.0800018310547","129.0800018310547","170.75","170.75","170.75"
"170","134.17999267578125","134.17999267578125","134.17999267578125","182.50999450683594","182.50999450683594","182.50999450683594"
"171","111.22000122070312","111.22000122070312","111.22000122070312","168.8699951171875","168.8699951171875","168.8699951171875"
"172","121.43000030517578","121.43000030517578","121.43000030517578","187.92999267578125","187.92999267578125","187.92999267578125"
"173","136.24000549316406","136.24000549316406","136.24000549316406","182.0800018310547","182.0800018310547","182.0800018310547"
"174","126.37000274658203","126.37000274658203","126.37000274658203","179.9199981689453","179.9199981689453","179.9199981689453"
"175","108.98999786376953","108.98999786376953","108.98999786376953","184.1999969482422","184.1999969482422","184.1999969482422"
"176","118.83000183105469","118.83000183105469","118.83000183105469","167.94000244140625","167.94000244140625","167.94000244140625"
"177","116.41000366210938","116.41000366210938","116.41000366210938","165.8000030517578","165.8000030517578","165.8000030517578"
"178","111.81999969482422","111.81999969482422","111.81999969482422","165.52999877929688","165.52999877929688","165.52999877929688"
"179","117.9000015258789","117.9000015258789","117.9000015258789","158.60000610351562","158.60000610351562","158.60000610351562"
"180","112.44999694824219","112.44999694824219","112.44999694824219","170.5800018310547","170.5800018310547","170.5800018310547"
"181","110.94999694824219","110.94999694824219","110.94999694824219","156.7899932861328","156.7899932861328","156.7899932861328"
"182","112.31999969482422","112.31999969482422","112.31999969482422","162.72000122070312","162.72000122070312","162.72000122070312"
"183","116.5","116.5","116.5","154.7100067138672","154.7100067138672","154.7100067138672"
"184","108.87000274658203","108.87000274658203","108.87000274658203","157.7100067138672","157.7100067138672","157.7100067138672"
"185","120.33999633789062","120.33999633789062","120.33999633789062","167.02000427246094","167.02000427246094","167.02000427246094"
"186","117.0999984741211","117.0999984741211","117.0999984741211","145.99000549316406","145.99000549316406","145.99000549316406"
"187","102.37999725341797","102.37999725341797","102.37999725341797","145.97000122070312","145.97000122070312","145.97000122070312"
"188","112.43000030517578","112.43000030517578","112.43000030517578","148.08999633789062","148.08999633789062","148.08999633789062"
"189","110.33999633789062","110.33999633789062","110.33999633789062","183.05999755859375","183.05999755859375","183.05999755859375"
"190","117.19999694824219","117.19999694824219","117.19999694824219","165.10000610351562","165.10000610351562","165.10000610351562"
"191","116.41999816894531","116.41999816894531","116.41999816894531","155.49000549316406","155.49000549316406","155.49000549316406"
"192","90.62999725341797","90.62999725341797","90.62999725341797","156.39999389648438","156.39999389648438","156.39999389648438"
"193","100.66999816894531","100.66999816894531","100.66999816894531","132.3300018310547","132.3300018310547","132.3300018310547"
"194","112.5","112.5","112.5","136.3699951171875","136.3699951171875","136.3699951171875"
"195","104.0999984741211","104.0999984741211","104.0999984741211","141.9600067138672","141.9600067138672","141.9600067138672"
"196","102.0999984741211","102.0999984741211","102.0999984741211","151.27999877929688","151.27999877929688","151.27999877929688"
"197","95.38999938964844","95.38999938964844","95.38999938964844","160.35000610351562","160.35000610351562","160.35000610351562"
"198","96.80999755859375","96.80999755859375","96.80999755859375","134.63999938964844","134.63999938964844","134.63999938964844"
"199","97.36000061035156","97.36000061035156","97.36000061035156","139.2100067138672","139.2100067138672","139.2100067138672"
"200","93.58999633789062","93.58999633789062","93.58999633789062","150.1300048828125","150.1300048828125","150.1300048828125"
"201","91.01000213623047","91.01000213623047","91.01000213623047","135.00999450683594","135.00999450683594","135.00999450683594"
"202","93.88999938964844","93.88999938964844","93.88999938964844","133.44000244140625","133.44000244140625","133.44000244140625"
"203","87.7300033569336","87.7300033569336","87.7300033569336","138.99000549316406","138.99000549316406","138.99000549316406"
"204","89.77999877929688","89.77999877929688","89.77999877929688","132.97000122070312","132.97000122070312","132.97000122070312"
"205","93.5999984741211","93.5999984741211","93.5999984741211","124.83999633789062","124.83999633789062","124.83999633789062"
"206","84.8499984741211","84.8499984741211","84.8499984741211","112.94000244140625","112.94000244140625","112.94000244140625"
"207","91.73999786376953","91.73999786376953","91.73999786376953","112.12000274658203","112.12000274658203","112.12000274658203"
"208","87.05999755859375","87.05999755859375","87.05999755859375","119","119","119"
"209","83.81999969482422","83.81999969482422","83.81999969482422","108.83000183105469","108.83000183105469","108.83000183105469"
"210","92.95999908447266","92.95999908447266","92.95999908447266","120.62000274658203","120.62000274658203","120.62000274658203"
"211","81.98999786376953","81.98999786376953","81.98999786376953","103.7300033569336","103.7300033569336","103.7300033569336"
"212","82.3499984741211","82.3499984741211","82.3499984741211","128.14999389648438","128.14999389648438","128.14999389648438"
"213","77.05000305175781","77.05000305175781","77.05000305175781","88.5999984741211","88.5999984741211","88.5999984741211"
"214","85.12000274658203","85.12000274658203","85.12000274658203","94.95999908447266","94.95999908447266","94.95999908447266"
"215","73.37999725341797","73.37999725341797","73.37999725341797","78.56999969482422","78.56999969482422","78.56999969482422"
"216","79.91000366210938","79.91000366210938","79.91000366210938","103.20999908447266","103.20999908447266","103.20999908447266"
"217","85.38999938964844","85.38999938964844","85.38999938964844","88.54000091552734","88.54000091552734","88.54000091552734"
"218","81.94999694824219","81.94999694824219","81.94999694824219","94.91000366210938","94.91000366210938","94.91000366210938"
"219","79.98999786376953","79.98999786376953","79.98999786376953","101.66999816894531","101.66999816894531","101.66999816894531"
"220","74.05000305175781","74.05000305175781","74.05000305175781","96.9000015258789","96.9000015258789","96.9000015258789"
"221","65.58000183105469","65.58000183105469","65.58000183105469","76.94999694824219","76.94999694824219","76.94999694824219"
"222","78.08000183105469","78.08000183105469","78.08000183105469","82.16999816894531","82.16999816894531","82.16999816894531"
"223","72.94000244140625","72.94000244140625","72.94000244140625","88.43000030517578","88.43000030517578","88.43000030517578"
"224","64.19999694824219","64.19999694824219","64.19999694824219","77.23999786376953","77.23999786376953","77.23999786376953"
"225","74.8499984741211","74.8499984741211","74.8499984741211","91.62999725341797","91.62999725341797","91.62999725341797"
"226","70","70","70","91.27999877929688","91.27999877929688","91.27999877929688"
"227","73.87999725341797","73.87999725341797","73.87999725341797","74.26000213623047","74.26000213623047","74.26000213623047"
"228","68.75","68.75","68.75","74.13999938964844","74.13999938964844","74.13999938964844"
"229","69.69000244140625","69.69000244140625","69.69000244140625","90.80999755859375","90.80999755859375","90.80999755859375"
"230","64.33999633789062","64.33999633789062","64.33999633789062","79.0199966430664","79.0199966430664","79.0199966430664"
"231","65.56999969482422","65.56999969482422","65.56999969482422","94.44000244140625","94.44000244140625","94.44000244140625"
"232","63.790000915527344","63.790000915527344","63.790000915527344","82.8499984741211","82.8499984741211","82.8499984741211"
"233","62.83000183105469","62.83000183105469","62.83000183105469","75.68000030517578","75.68000030517578","75.68000030517578"
"234","71.22000122070312","71.22000122070312","71.22000122070312","82.75","82.75","82.75"
"235","64.45999908447266","64.45999908447266","64.45999908447266","73.20999908447266","73.20999908447266","73.20999908447266"
"236","70.58000183105469","70.58000183105469","70.58000183105469","79.0199966430664","79.0199966430664","79.0199966430664"
"237","75.08999633789062","75.08999633789062","75.08999633789062","88.87999725341797","88.87999725341797","88.87999725341797"
"238","63.75","63.75","63.75","77.7300033569336","77.7300033569336","77.7300033569336"
"239","62.88999938964844","62.88999938964844","62.88999938964844","74.16000366210938","74.16000366210938","74.16000366210938"
"240","69.58000183105469","69.58000183105469","69.58000183105469","78.44999694824219","78.44999694824219","78.44999694824219"
"241","65.94000244140625","65.94000244140625","65.94000244140625","60.5","60.5","60.5"
"242","58.849998474121094","58.849998474121094","58.849998474121094","45.939998626708984","45.939998626708984","45.939998626708984"
"243","69.9800033569336","69.9800033569336","69.9800033569336","67.26000213623047","67.26000213623047","67.26000213623047"
"244","63.849998474121094","63.849998474121094","63.849998474121094","59.97999954223633","59.97999954223633","59.97999954223633"
"245","60.880001068115234","60.880001068115234","60.880001068115234","73.3499984741211","73.3499984741211","73.3499984741211"
"246","66.69999694824219","66.69999694824219","66.69999694824219","77.56999969482422","77.56999969482422","77.56999969482422"
"247","64","64","64","68.4800033569336","68.4800033569336","68.4800033569336"
"248","64.30000305175781","64.30000305175781","64.30000305175781","73.16999816894531","73.16999816894531","73.16999816894531"
"249","62.54999923706055","62.54999923706055","62.54999923706055","69.04000091552734","69.04000091552734","69.04000091552734"
"250","70.48999786376953","70.48999786376953","70.48999786376953","70.8499984741211","70.8499984741211","70.8499984741211"
"251","63.16999816894531","63.16999816894531","63.16999816894531","65.75","65.75","65.75"
"252","63.29999923706055","63.29999923706055","63.29999923706055","73.05000305175781","73.05000305175781","73.05000305175781"
"253","56.869998931884766","56.869998931884766","56.869998931884766","74.38999938964844","74.38999938964844","74.38999938964844"
"254","62.290000915527344","62.290000915527344","62.290000915527344","75.7300033569336","75.7300033569336","75.7300033569336"
"255","67.11000061035156","67.11000061035156","67.11000061035156","75.12999725341797","75.12999725341797","75.12999725341797"
"256","60.27000045776367","60.27000045776367","60.27000045776367","82.18000030517578","82.18000030517578","82.18000030517578"
"257","65.75","65.75","65.75","75.01000213623047","75.01000213623047","75.01000213623047"
"258","55.209999084472656","55.209999084472656","55.209999084472656","82.66000366210938","82.66000366210938","82.66000366210938"
"259","58.349998474121094","58.349998474121094","58.349998474121094","70.20999908447266","70.20999908447266","70.20999908447266"
"260","56.77000045776367","56.77000045776367","56.77000045776367","80.55000305175781","80.55000305175781","80.55000305175781"
"261","59.060001373291016","59.060001373291016","59.060001373291016","69.69000244140625","69.69000244140625","69.69000244140625"
"262","63.959999084472656","63.959999084472656","63.959999084472656","90.69000244140625","90.69000244140625","90.69000244140625"
"263","63.220001220703125","63.220001220703125","63.220001220703125","88.06999969482422","88.06999969482422","88.06999969482422"
"264","56.93000030517578","56.93000030517578","56.93000030517578","63.09000015258789","63.09000015258789","63.09000015258789"
"265","64.55999755859375","64.55999755859375","64.55999755859375","69.66000366210938","69.66000366210938","69.66000366210938"
"266","58.29999923706055","58.29999923706055","58.29999923706055","74.37000274658203","74.37000274658203","74.37000274658203"
"267","56.849998474121094","56.849998474121094","56.849998474121094","68.94999694824219","68.94999694824219","68.94999694824219"
"268","60.45000076293945","60.45000076293945","60.45000076293945","77.83999633789062","77.83999633789062","77.83999633789062"
"269","58.369998931884766","58.369998931884766","58.369998931884766","97.66999816894531","97.66999816894531","97.66999816894531"
"270","58.47999954223633","58.47999954223633","58.47999954223633","67.87000274658203","67.87000274658203","67.87000274658203"
"271","53.84000015258789","53.84000015258789","53.84000015258789","67.33999633789062","67.33999633789062","67.33999633789062"
"272","51.18000030517578","51.18000030517578","51.18000030517578","89.5199966430664","89.5199966430664","89.5199966430664"
"273","57.36000061035156","57.36000061035156","57.36000061035156","83.38999938964844","83.38999938964844","83.38999938964844"
"274","59.72999954223633","59.72999954223633","59.72999954223633","69.87999725341797","69.87999725341797","69.87999725341797"
"275","56.75","56.75","56.75","72.25","72.25","72.25"
"276","50.33000183105469","50.33000183105469","50.33000183105469","81.98999786376953","81.98999786376953","81.98999786376953"
"277","54.11000061035156","54.11000061035156","54.11000061035156","78.05999755859375","78.05999755859375","78.05999755859375"
"278","52.06999969482422","52.06999969482422","52.06999969482422","77.73999786376953","77.73999786376953","77.73999786376953"
"279","60.36000061035156","60.36000061035156","60.36000061035156","63.83000183105469","63.83000183105469","63.83000183105469"
"280","52.84000015258789","52.84000015258789","52.84000015258789","65.3499984741211","65.3499984741211","65.3499984741211"
"281","49.63999938964844","49.63999938964844","49.63999938964844","63.63999938964844","63.63999938964844","63.63999938964844"
"282","55.72999954223633","55.72999954223633","55.72999954223633","60.18000030517578","60.18000030517578","60.18000030517578"
"283","55.81999969482422","55.81999969482422","55.81999969482422","60.77000045776367","60.77000045776367","60.77000045776367"
"284","54.20000076293945","54.20000076293945","54.20000076293945","60.2599983215332","60.2599983215332","60.2599983215332"
"285","55.91999816894531","55.91999816894531","55.91999816894531","57.709999084472656","57.709999084472656","57.709999084472656"
"286","53.119998931884766","53.119998931884766","53.119998931884766","65.5","65.5","65.5"
"287","52.15999984741211","52.15999984741211","52.15999984741211","71.98999786376953","71.98999786376953","71.98999786376953"
"288","54.22999954223633","54.22999954223633","54.22999954223633","73.58999633789062","73.58999633789062","73.58999633789062"
"289","56.220001220703125","56.220001220703125","56.220001220703125","59.29999923706055","59.29999923706055","59.29999923706055"
"290","47.029998779296875","47.029998779296875","47.029998779296875","56.66999816894531","56.66999816894531","56.66999816894531"
"291","49.349998474121094","49.349998474121094","49.349998474121094","56.58000183105469","56.58000183105469","56.58000183105469"
"292","57.5","57.5","57.5","59.09000015258789","59.09000015258789","59.09000015258789"
"293","50.81999969482422","50.81999969482422","50.81999969482422","52.189998626708984","52.189998626708984","52.189998626708984"
"294","47.630001068115234","47.630001068115234","47.630001068115234","65.75","65.75","65.75"
"295","42.7400016784668","42.7400016784668","42.7400016784668","52.709999084472656","52.709999084472656","52.709999084472656"
"296","46.68000030517578","46.68000030517578","46.68000030517578","63.790000915527344","63.790000915527344","63.790000915527344"
"297","50.7400016784668","50.7400016784668","50.7400016784668","66.19000244140625","66.19000244140625","66.19000244140625"
"298","52.4900016784668","52.4900016784668","52.4900016784668","60.63999938964844","60.63999938964844","60.63999938964844"
"299","44.11000061035156","44.11000061035156","44.11000061035156","47.65999984741211","47.65999984741211","47.65999984741211"
"300","47.20000076293945","47.20000076293945","47.20000076293945","52.41999816894531","52.41999816894531","52.41999816894531"
"301","49.04999923706055","49.04999923706055","49.04999923706055","61.5","61.5","61.5"
"302","44.31999969482422","44.31999969482422","44.31999969482422","49.689998626708984","49.689998626708984","49.689998626708984"
"303","45.5","45.5","45.5","53.650001525878906","53.650001525878906","53.650001525878906"
"304","44.7599983215332","44.7599983215332","44.7599983215332","63.060001373291016","63.060001373291016","63.060001373291016"
"305","46.27000045776367","46.27000045776367","46.27000045776367","49.43000030517578","49.43000030517578","49.43000030517578"
"306","49.09000015258789","49.09000015258789","49.09000015258789","52.119998931884766","52.119998931884766","52.119998931884766"
"307","49.099998474121094","49.099998474121094","49.099998474121094","51.40999984741211","51.40999984741211","51.40999984741211"
"308","48.099998474121094","48.099998474121094","48.099998474121094","51.56999969482422","51.56999969482422","51.56999969482422"
"309","45.779998779296875","45.779998779296875","45.779998779296875","57.41999816894531","57.41999816894531","57.41999816894531"
"310","49.189998626708984","49.189998626708984","49.189998626708984","50.970001220703125","50.970001220703125","50.970001220703125"
"311","46.7599983215332","46.7599983215332","46.7599983215332","52.369998931884766","52.369998931884766","52.369998931884766"
"312","48.189998626708984","48.189998626708984","48.189998626708984","44.81999969482422","44.81999969482422","44.81999969482422"
"313","57.06999969482422","57.06999969482422","57.06999969482422","48.59000015258789","48.59000015258789","48.59000015258789"
"314","47.84000015258789","47.84000015258789","47.84000015258789","52.81999969482422","52.81999969482422","52.81999969482422"
"315","51.38999938964844","51.38999938964844","51.38999938964844","48.38999938964844","48.38999938964844","48.38999938964844"
"316","46.16999816894531","46.16999816894531","46.16999816894531","48.40999984741211","48.40999984741211","48.40999984741211"
"317","47.13999938964844","47.13999938964844","47.13999938964844","44.279998779296875","44.279998779296875","44.279998779296875"
"318","47.63999938964844","47.63999938964844","47.63999938964844","45.650001525878906","45.650001525878906","45.650001525878906"
"319","46.22999954223633","46.22999954223633","46.22999954223633","47.849998474121094","47.849998474121094","47.849998474121094"
"320","43.52000045776367","43.52000045776367","43.52000045776367","44.5099983215332","44.5099983215332","44.5099983215332"
"321","53.380001068115234","53.380001068115234","53.380001068115234","47.849998474121094","47.849998474121094","47.849998474121094"
"322","46.119998931884766","46.119998931884766","46.119998931884766","41.63999938964844","41.63999938964844","41.63999938964844"
"323","43.540000915527344","43.540000915527344","43.540000915527344","41.75","41.75","41.75"
"324","46.7599983215332","46.7599983215332","46.7599983215332","48.540000915527344","48.540000915527344","48.540000915527344"
"325","48.349998474121094","48.349998474121094","48.349998474121094","48.25","48.25","48.25"
"326","47.150001525878906","47.150001525878906","47.150001525878906","47.939998626708984","47.939998626708984","47.939998626708984"
"327","43.25","43.25","43.25","47.7599983215332","47.7599983215332","47.7599983215332"
"328","39.52000045776367","39.52000045776367","39.52000045776367","45.619998931884766","45.619998931884766","45.619998931884766"
"329","43.650001525878906","43.650001525878906","43.650001525878906","42.22999954223633","42.22999954223633","42.22999954223633"
"330","44.7599983215332","44.7599983215332","44.7599983215332","43.65999984741211","43.65999984741211","43.65999984741211"
"331","41.09000015258789","41.09000015258789","41.09000015258789","38.47999954223633","38.47999954223633","38.47999954223633"
"332","42.45000076293945","42.45000076293945","42.45000076293945","45.189998626708984","45.189998626708984","45.189998626708984"
"333","45.36000061035156","45.36000061035156","45.36000061035156","40.310001373291016","40.310001373291016","40.310001373291016"
"334","43.04999923706055","43.04999923706055","43.04999923706055","46.349998474121094","46.349998474121094","46.349998474121094"
"335","40.9900016784668","40.9900016784668","40.9900016784668","43.77000045776367","43.77000045776367","43.77000045776367"
"336","45.83000183105469","45.83000183105469","45.83000183105469","40.59000015258789","40.59000015258789","40.59000015258789"
"337","49.189998626708984","49.189998626708984","49.189998626708984","40.689998626708984","40.689998626708984","40.689998626708984"
"338","41.29999923706055","41.29999923706055","41.29999923706055","44.7599983215332","44.7599983215332","44.7599983215332"
"339","40.439998626708984","40.439998626708984","40.439998626708984","45.529998779296875","45.529998779296875","45.529998779296875"
"340","45.34000015258789","45.34000015258789","45.34000015258789","39.41999816894531","39.41999816894531","39.41999816894531"
"341","38.06999969482422","38.06999969482422","38.06999969482422","39.619998931884766","39.619998931884766","39.619998931884766"
"342","42.15999984741211","42.15999984741211","42.15999984741211","44.529998779296875","44.529998779296875","44.529998779296875"
"343","47.86000061035156","47.86000061035156","47.86000061035156","37.52000045776367","37.52000045776367","37.52000045776367"
"344","45.88999938964844","45.88999938964844","45.88999938964844","44","44","44"
"345","41.5099983215332","41.5099983215332","41.5099983215332","50.13999938964844","50.13999938964844","50.13999938964844"
"346","44.38999938964844","44.38999938964844","44.38999938964844","42.79999923706055","42.79999923706055","42.79999923706055"
"347","39.7599983215332","39.7599983215332","39.7599983215332","42.459999084472656","42.459999084472656","42.459999084472656"
"348","43.4900016784668","43.4900016784668","43.4900016784668","40.060001373291016","40.060001373291016","40.060001373291016"
"349","44.13999938964844","44.13999938964844","44.13999938964844","43.290000915527344","43.290000915527344","43.290000915527344"
"350","47.02000045776367","47.02000045776367","47.02000045776367","38.790000915527344","38.790000915527344","38.790000915527344"
"351","47.4900016784668","47.4900016784668","47.4900016784668","43.900001525878906","43.900001525878906","43.900001525878906"
"352","42.40999984741211","42.40999984741211","42.40999984741211","42.209999084472656","42.209999084472656","42.209999084472656"
"353","49.04999923706055","49.04999923706055","49.04999923706055","38.97999954223633","38.97999954223633","38.97999954223633"
"354","44.970001220703125","44.970001220703125","44.970001220703125","40.65999984741211","40.65999984741211","40.65999984741211"
"355","48.779998779296875","48.779998779296875","48.779998779296875","40.40999984741211","40.40999984741211","40.40999984741211"
"356","43.150001525878906","43.150001525878906","43.150001525878906","39.04999923706055","39.04999923706055","39.04999923706055"
"357","45.61000061035156","45.61000061035156","45.61000061035156","43.880001068115234","43.880001068115234","43.880001068115234"
"358","46.9900016784668","46.9900016784668","46.9900016784668","39.220001220703125","39.220001220703125","39.220001220703125"
"359","38.970001220703125","38.970001220703125","38.970001220703125","35.20000076293945","35.20000076293945","35.20000076293945"
"360","41.779998779296875","41.779998779296875","41.779998779296875","38.43000030517578","38.43000030517578","38.43000030517578"
"361","43.849998474121094","43.849998474121094","43.849998474121094","40.70000076293945","40.70000076293945","40.70000076293945"
"362","47.40999984741211","47.40999984741211","47.40999984741211","37.52000045776367","37.52000045776367","37.52000045776367"
"363","43.209999084472656","43.209999084472656","43.209999084472656","40.220001220703125","40.220001220703125","40.220001220703125"
"364","42.279998779296875","42.279998779296875","42.279998779296875","41.040000915527344","41.040000915527344","41.040000915527344"
"365","44.459999084472656","44.459999084472656","44.459999084472656","41.04999923706055","41.04999923706055","41.04999923706055"
"366","44.540000915527344","44.540000915527344","44.540000915527344","35.7599983215332","35.7599983215332","35.7599983215332"
"367","46.09000015258789","46.09000015258789","46.09000015258789","44.779998779296875","44.779998779296875","44.779998779296875"
"368","48.119998931884766","48.119998931884766","48.119998931884766","42.810001373291016","42.810001373291016","42.810001373291016"
"369","46.189998626708984","46.189998626708984","46.189998626708984","39.93000030517578","39.93000030517578","39.93000030517578"
"370","47.56999969482422","47.56999969482422","47.56999969482422","39.810001373291016","39.810001373291016","39.810001373291016"
"371","46.29999923706055","46.29999923706055","46.29999923706055","33.90999984741211","33.90999984741211","33.90999984741211"
"372","45.91999816894531","45.91999816894531","45.91999816894531","40.849998474121094","40.849998474121094","40.849998474121094"
"373","46.88999938964844","46.88999938964844","46.88999938964844","37.7599983215332","37.7599983215332","37.7599983215332"
"374","38.54999923706055","38.54999923706055","38.54999923706055","35.209999084472656","35.209999084472656","35.209999084472656"
"375","51.58000183105469","51.58000183105469","51.58000183105469","37.060001373291016","37.060001373291016","37.060001373291016"
"376","51.290000915527344","51.290000915527344","51.290000915527344","36.18000030517578","36.18000030517578","36.18000030517578"
"377","46.2599983215332","46.2599983215332","46.2599983215332","39.41999816894531","39.41999816894531","39.41999816894531"
"378","43.77000045776367","43.77000045776367","43.77000045776367","38.130001068115234","38.130001068115234","38.130001068115234"
"379","38.95000076293945","38.95000076293945","38.95000076293945","36.959999084472656","36.959999084472656","36.959999084472656"
"380","39.7599983215332","39.7599983215332","39.7599983215332","37.88999938964844","37.88999938964844","37.88999938964844"
"381","47.56999969482422","47.56999969482422","47.56999969482422","34.81999969482422","34.81999969482422","34.81999969482422"
"382","45.279998779296875","45.279998779296875","45.279998779296875","37.720001220703125","37.720001220703125","37.720001220703125"
"383","45.209999084472656","45.209999084472656","45.209999084472656","37.5","37.5","37.5"
"384","46.45000076293945","46.45000076293945","46.45000076293945","38.150001525878906","38.150001525878906","38.150001525878906"
"385","44.310001373291016","44.310001373291016","44.310001373291016","41.27000045776367","41.27000045776367","41.27000045776367"
"386","42.70000076293945","42.70000076293945","42.70000076293945","36.11000061035156","36.11000061035156","36.11000061035156"
"387","40.02000045776367","40.02000045776367","40.02000045776367","36.77000045776367","36.77000045776367","36.77000045776367"
"388","44.45000076293945","44.45000076293945","44.45000076293945","34.41999816894531","34.41999816894531","34.41999816894531"
"389","42.970001220703125","42.970001220703125","42.970001220703125","35.15999984741211","35.15999984741211","35.15999984741211"
"390","39.959999084472656","39.959999084472656","39.959999084472656","36.900001525878906","36.900001525878906","36.900001525878906"
"391","40.06999969482422","40.06999969482422","40.06999969482422","40.130001068115234","40.130001068115234","40.130001068115234"
"392","47.560001373291016","47.560001373291016","47.560001373291016","36.29999923706055","36.29999923706055","36.29999923706055"
"393","38.189998626708984","38.189998626708984","38.189998626708984","39.72999954223633","39.72999954223633","39.72999954223633"
"394","44.63999938964844","44.63999938964844","44.63999938964844","38.349998474121094","38.349998474121094","38.349998474121094"
"395","44.470001220703125","44.470001220703125","44.470001220703125","34.15999984741211","34.15999984741211","34.15999984741211"
"396","40.310001373291016","40.310001373291016","40.310001373291016","35.90999984741211","35.90999984741211","35.90999984741211"
"397","44.040000915527344","44.040000915527344","44.040000915527344","32.31999969482422","32.31999969482422","32.31999969482422"
"398","47","47","47","34.72999954223633","34.72999954223633","34.72999954223633"
"399","39.45000076293945","39.45000076293945","39.45000076293945","32.34000015258789","32.34000015258789","32.34000015258789"
"400","42.0099983215332","42.0099983215332","42.0099983215332","33.91999816894531","33.91999816894531","33.91999816894531"
"401","38.83000183105469","38.83000183105469","38.83000183105469","33.16999816894531","33.16999816894531","33.16999816894531"
"402","39.52000045776367","39.52000045776367","39.52000045776367","30.90999984741211","30.90999984741211","30.90999984741211"
"403","41.40999984741211","41.40999984741211","41.40999984741211","33.65999984741211","33.65999984741211","33.65999984741211"
"404","41.27000045776367","41.27000045776367","41.27000045776367","29.760000228881836","29.760000228881836","29.760000228881836"
"405","41.630001068115234","41.630001068115234","41.630001068115234","36.70000076293945","36.70000076293945","36.70000076293945"
"406","37.189998626708984","37.189998626708984","37.189998626708984","32.689998626708984","32.689998626708984","32.689998626708984"
"407","39.58000183105469","39.58000183105469","39.58000183105469","28.459999084472656","28.459999084472656","28.459999084472656"
"408","38.09000015258789","38.09000015258789","38.09000015258789","33.959999084472656","33.959999084472656","33.959999084472656"
"409","40.47999954223633","40.47999954223633","40.47999954223633","30.729999542236328","30.729999542236328","30.729999542236328"
"410","32.88999938964844","32.88999938964844","32.88999938964844","32.84000015258789","32.84000015258789","32.84000015258789"
"411","36.0099983215332","36.0099983215332","36.0099983215332","27.520000457763672","27.520000457763672","27.520000457763672"
"412","29.229999542236328","29.229999542236328","29.229999542236328","28.649999618530273","28.649999618530273","28.649999618530273"
"413","30.93000030517578","30.93000030517578","30.93000030517578","29.420000076293945","29.420000076293945","29.420000076293945"
"414","27.43000030517578","27.43000030517578","27.43000030517578","31.709999084472656","31.709999084472656","31.709999084472656"
"415","29.459999084472656","29.459999084472656","29.459999084472656","31.420000076293945","31.420000076293945","31.420000076293945"
"416","29.420000076293945","29.420000076293945","29.420000076293945","30.989999771118164","30.989999771118164","30.989999771118164"
"417","31.389999389648438","31.389999389648438","31.389999389648438","27.200000762939453","27.200000762939453","27.200000762939453"
"418","34.220001220703125","34.220001220703125","34.220001220703125","29.469999313354492","29.469999313354492","29.469999313354492"
"419","26.219999313354492","26.219999313354492","26.219999313354492","30.829999923706055","30.829999923706055","30.829999923706055"
"420","27.520000457763672","27.520000457763672","27.520000457763672","28.010000228881836","28.010000228881836","28.010000228881836"
"421","26.18000030517578","26.18000030517578","26.18000030517578","27.860000610351562","27.860000610351562","27.860000610351562"
"422","29.8700008392334","29.8700008392334","29.8700008392334","28.6299991607666","28.6299991607666","28.6299991607666"
"423","29.389999389648438","29.389999389648438","29.389999389648438","27.450000762939453","27.450000762939453","27.450000762939453"
"424","24.059999465942383","24.059999465942383","24.059999465942383","25.799999237060547","25.799999237060547","25.799999237060547"
"425","32.02000045776367","32.02000045776367","32.02000045776367","27","27","27"
"426","29.200000762939453","29.200000762939453","29.200000762939453","29.190000534057617","29.190000534057617","29.190000534057617"
"427","27.959999084472656","27.959999084472656","27.959999084472656","29.549999237060547","29.549999237060547","29.549999237060547"
"428","39.880001068115234","39.880001068115234","39.880001068115234","28.760000228881836","28.760000228881836","28.760000228881836"
"429","29.799999237060547","29.799999237060547","29.799999237060547","26.860000610351562","26.860000610351562","26.860000610351562"
"430","32.34000015258789","32.34000015258789","32.34000015258789","28.59000015258789","28.59000015258789","28.59000015258789"
"431","27.860000610351562","27.860000610351562","27.860000610351562","26.059999465942383","26.059999465942383","26.059999465942383"
"432","30.309999465942383","30.309999465942383","30.309999465942383","26.360000610351562","26.360000610351562","26.360000610351562"
"433","24.8799991607666","24.8799991607666","24.8799991607666","26.950000762939453","26.950000762939453","26.950000762939453"
"434","33.47999954223633","33.47999954223633","33.47999954223633","25.190000534057617","25.190000534057617","25.190000534057617"
"435","26.670000076293945","26.670000076293945","26.670000076293945","27.8799991607666","27.8799991607666","27.8799991607666"
"436","31.799999237060547","31.799999237060547","31.799999237060547","26.90999984741211","26.90999984741211","26.90999984741211"
"437","22.06999969482422","22.06999969482422","22.06999969482422","24.34000015258789","24.34000015258789","24.34000015258789"
"438","30.920000076293945","30.920000076293945","30.920000076293945","24.559999465942383","24.559999465942383","24.559999465942383"
"439","30.1200008392334","30.1200008392334","30.1200008392334","27.59000015258789","27.59000015258789","27.59000015258789"
"440","32.40999984741211","32.40999984741211","32.40999984741211","26.25","26.25","26.25"
"441","36.31999969482422","36.31999969482422","36.31999969482422","24.440000534057617","24.440000534057617","24.440000534057617"
"442","29.350000381469727","29.350000381469727","29.350000381469727","26.940000534057617","26.940000534057617","26.940000534057617"
"443","26.670000076293945","26.670000076293945","26.670000076293945","27.3700008392334","27.3700008392334","27.3700008392334"
"444","22.110000610351562","22.110000610351562","22.110000610351562","30.010000228881836","30.010000228881836","30.010000228881836"
"445","33.720001220703125","33.720001220703125","33.720001220703125","25.670000076293945","25.670000076293945","25.670000076293945"
"446","19.209999084472656","19.209999084472656","19.209999084472656","26.8799991607666","26.8799991607666","26.8799991607666"
"447","31.020000457763672","31.020000457763672","31.020000457763672","26.799999237060547","26.799999237060547","26.799999237060547"
"448","22.190000534057617","22.190000534057617","22.190000534057617","24.670000076293945","24.670000076293945","24.670000076293945"
"449","31.709999084472656","31.709999084472656","31.709999084472656","23.56999969482422","23.56999969482422","23.56999969482422"
"450","25.510000228881836","25.510000228881836","25.510000228881836","24.18000030517578","24.18000030517578","24.18000030517578"
"451","30.3799991607666","30.3799991607666","30.3799991607666","28.65999984741211","28.65999984741211","28.65999984741211"
"452","32.650001525878906","32.650001525878906","32.650001525878906","26.59000015258789","26.59000015258789","26.59000015258789"
"453","38.66999816894531","38.66999816894531","38.66999816894531","25.010000228881836","25.010000228881836","25.010000228881836"
"454","29.280000686645508","29.280000686645508","29.280000686645508","24.25","24.25","24.25"
"455","25.110000610351562","25.110000610351562","25.110000610351562","28.559999465942383","28.559999465942383","28.559999465942383"
"456","27.270000457763672","27.270000457763672","27.270000457763672","25.829999923706055","25.829999923706055","25.829999923706055"
"457","30.670000076293945","30.670000076293945","30.670000076293945","25.15999984741211","25.15999984741211","25.15999984741211"
"458","23.56999969482422","23.56999969482422","23.56999969482422","22.510000228881836","22.510000228881836","22.510000228881836"
"459","33.38999938964844","33.38999938964844","33.38999938964844","23.049999237060547","23.049999237060547","23.049999237060547"
"460","24.639999389648438","24.639999389648438","24.639999389648438","23.93000030517578","23.93000030517578","23.93000030517578"
"461","27.5","27.5","27.5","25.899999618530273","25.899999618530273","25.899999618530273"
"462","30.979999542236328","30.979999542236328","30.979999542236328","26.059999465942383","26.059999465942383","26.059999465942383"
"463","29.399999618530273","29.399999618530273","29.399999618530273","25.93000030517578","25.93000030517578","25.93000030517578"
"464","26.510000228881836","26.510000228881836","26.510000228881836","26.3799991607666","26.3799991607666","26.3799991607666"
"465","34.720001220703125","34.720001220703125","34.720001220703125","22.239999771118164","22.239999771118164","22.239999771118164"
"466","30.670000076293945","30.670000076293945","30.670000076293945","26.670000076293945","26.670000076293945","26.670000076293945"
"467","31.579999923706055","31.579999923706055","31.579999923706055","27.260000228881836","27.260000228881836","27.260000228881836"
"468","21.110000610351562","21.110000610351562","21.110000610351562","25.280000686645508","25.280000686645508","25.280000686645508"
"469","21.899999618530273","21.899999618530273","21.899999618530273","22.459999084472656","22.459999084472656","22.459999084472656"
"470","29.420000076293945","29.420000076293945","29.420000076293945","24.940000534057617","24.940000534057617","24.940000534057617"
"471","30.059999465942383","30.059999465942383","30.059999465942383","22.979999542236328","22.979999542236328","22.979999542236328"
"472","23.889999389648438","23.889999389648438","23.889999389648438","27.200000762939453","27.200000762939453","27.200000762939453"
"473","29.969999313354492","29.969999313354492","29.969999313354492","26.700000762939453","26.700000762939453","26.700000762939453"
"474","33.099998474121094","33.099998474121094","33.099998474121094","26.979999542236328","26.979999542236328","26.979999542236328"
"475","25.479999542236328","25.479999542236328","25.479999542236328","24.170000076293945","24.170000076293945","24.170000076293945"
"476","28.920000076293945","28.920000076293945","28.920000076293945","25.309999465942383","25.309999465942383","25.309999465942383"
"477","27.450000762939453","27.450000762939453","27.450000762939453","24.280000686645508","24.280000686645508","24.280000686645508"
"478","32","32","32","26.170000076293945","26.170000076293945","26.170000076293945"
"479","28.010000228881836","28.010000228881836","28.010000228881836","25.030000686645508","25.030000686645508","25.030000686645508"
"480","34.349998474121094","34.349998474121094","34.349998474121094","24.40999984741211","24.40999984741211","24.40999984741211"
"481","33.09000015258789","33.09000015258789","33.09000015258789","25.399999618530273","25.399999618530273","25.399999618530273"
"482","24.65999984741211","24.65999984741211","24.65999984741211","24.25","24.25","24.25"
"483","37.29999923706055","37.29999923706055","37.29999923706055","25.459999084472656","25.459999084472656","25.459999084472656"
"484","34.75","34.75","34.75","20.739999771118164","20.739999771118164","20.739999771118164"
"485","36.95000076293945","36.95000076293945","36.95000076293945","24.030000686645508","24.030000686645508","24.030000686645508"
"486","36.0099983215332","36.0099983215332","36.0099983215332","23.6299991607666","23.6299991607666","23.6299991607666"
"487","32.15999984741211","32.15999984741211","32.15999984741211","23.670000076293945","23.670000076293945","23.670000076293945"
"488","30.440000534057617","30.440000534057617","30.440000534057617","21.149999618530273","21.149999618530273","21.149999618530273"
"489","40.2400016784668","40.2400016784668","40.2400016784668","20.40999984741211","20.40999984741211","20.40999984741211"
"490","37.72999954223633","37.72999954223633","37.72999954223633","21.3799991607666","21.3799991607666","21.3799991607666"
"491","32.709999084472656","32.709999084472656","32.709999084472656","22.270000457763672","22.270000457763672","22.270000457763672"
"492","34.81999969482422","34.81999969482422","34.81999969482422","22.59000015258789","22.59000015258789","22.59000015258789"
"493","48.11000061035156","48.11000061035156","48.11000061035156","23.6299991607666","23.6299991607666","23.6299991607666"
"494","44.630001068115234","44.630001068115234","44.630001068115234","24.049999237060547","24.049999237060547","24.049999237060547"
"495","37.04999923706055","37.04999923706055","37.04999923706055","23.459999084472656","23.459999084472656","23.459999084472656"
"496","40.310001373291016","40.310001373291016","40.310001373291016","21.84000015258789","21.84000015258789","21.84000015258789"
"497","44.09000015258789","44.09000015258789","44.09000015258789","18.8799991607666","18.8799991607666","18.8799991607666"
"498","42.45000076293945","42.45000076293945","42.45000076293945","21.790000915527344","21.790000915527344","21.790000915527344"
"499","34.31999969482422","34.31999969482422","34.31999969482422","23.950000762939453","23.950000762939453","23.950000762939453"
"500","38.02000045776367","38.02000045776367","38.02000045776367","18.40999984741211","18.40999984741211","18.40999984741211"
"501","44.25","44.25","44.25","21.770000457763672","21.770000457763672","21.770000457763672"
"502","36.27000045776367","36.27000045776367","36.27000045776367","19.25","19.25","19.25"
"503","36.939998626708984","36.939998626708984","36.939998626708984","22","22","22"
"504","36.2400016784668","36.2400016784668","36.2400016784668","22.049999237060547","22.049999237060547","22.049999237060547"
"505","34.31999969482422","34.31999969482422","34.31999969482422","22.469999313354492","22.469999313354492","22.469999313354492"
"506","46.43000030517578","46.43000030517578","46.43000030517578","22.739999771118164","22.739999771118164","22.739999771118164"
"507","40.25","40.25","40.25","20.75","20.75","20.75"
"508","42.959999084472656","42.959999084472656","42.959999084472656","20.1299991607666","20.1299991607666","20.1299991607666"
"509","33.68000030517578","33.68000030517578","33.68000030517578","21.6299991607666","21.6299991607666","21.6299991607666"
"510","47.5","47.5","47.5","20.040000915527344","20.040000915527344","20.040000915527344"
"511","28.969999313354492","28.969999313354492","28.969999313354492","19.549999237060547","19.549999237060547","19.549999237060547"
"512","37.36000061035156","37.36000061035156","37.36000061035156","22.280000686645508","22.280000686645508","22.280000686645508"
"513","33.459999084472656","33.459999084472656","33.459999084472656","23.979999542236328","23.979999542236328","23.979999542236328"
"514","36.529998779296875","36.529998779296875","36.529998779296875","23.59000015258789","23.59000015258789","23.59000015258789"
"515","47.68000030517578","47.68000030517578","47.68000030517578","21.260000228881836","21.260000228881836","21.260000228881836"
"516","33.08000183105469","33.08000183105469","33.08000183105469","21.639999389648438","21.639999389648438","21.639999389648438"
"517","37.18000030517578","37.18000030517578","37.18000030517578","22.139999389648438","22.139999389648438","22.139999389648438"
"518","43.18000030517578","43.18000030517578","43.18000030517578","19.770000457763672","19.770000457763672","19.770000457763672"
"519","41.2400016784668","41.2400016784668","41.2400016784668","21.139999389648438","21.139999389648438","21.139999389648438"
"520","41.209999084472656","41.209999084472656","41.209999084472656","20.40999984741211","20.40999984741211","20.40999984741211"
"521","43.15999984741211","43.15999984741211","43.15999984741211","21","21","21"
"522","37.040000915527344","37.040000915527344","37.040000915527344","19.6299991607666","19.6299991607666","19.6299991607666"
"523","34.439998626708984","34.439998626708984","34.439998626708984","20.309999465942383","20.309999465942383","20.309999465942383"
"524","37.540000915527344","37.540000915527344","37.540000915527344","20.290000915527344","20.290000915527344","20.290000915527344"
"525","40.939998626708984","40.939998626708984","40.939998626708984","22.790000915527344","22.790000915527344","22.790000915527344"
"526","37.150001525878906","37.150001525878906","37.150001525878906","21.479999542236328","21.479999542236328","21.479999542236328"
"527","30.5","30.5","30.5","20.280000686645508","20.280000686645508","20.280000686645508"
"528","49.869998931884766","49.869998931884766","49.869998931884766","19.229999542236328","19.229999542236328","19.229999542236328"
"529","38.5099983215332","38.5099983215332","38.5099983215332","22.799999237060547","22.799999237060547","22.799999237060547"
"530","34.33000183105469","34.33000183105469","34.33000183105469","19.93000030517578","19.93000030517578","19.93000030517578"
"531","36.20000076293945","36.20000076293945","36.20000076293945","19.530000686645508","19.530000686645508","19.530000686645508"
"532","38.66999816894531","38.66999816894531","38.66999816894531","20.75","20.75","20.75"
"533","34.04999923706055","34.04999923706055","34.04999923706055","21.020000457763672","21.020000457763672","21.020000457763672"
"534","38.720001220703125","38.720001220703125","38.720001220703125","19.389999389648438","19.389999389648438","19.389999389648438"
"535","34.08000183105469","34.08000183105469","34.08000183105469","19.100000381469727","19.100000381469727","19.100000381469727"
"536","31.399999618530273","31.399999618530273","31.399999618530273","20.190000534057617","20.190000534057617","20.190000534057617"
"537","40.06999969482422","40.06999969482422","40.06999969482422","22.079999923706055","22.079999923706055","22.079999923706055"
"538","36.90999984741211","36.90999984741211","36.90999984741211","19.889999389648438","19.889999389648438","19.889999389648438"
"539","39.77000045776367","39.77000045776367","39.77000045776367","21.389999389648438","21.389999389648438","21.389999389648438"
"540","46.06999969482422","46.06999969482422","46.06999969482422","22.670000076293945","22.670000076293945","22.670000076293945"
"541","33.470001220703125","33.470001220703125","33.470001220703125","19.31999969482422","19.31999969482422","19.31999969482422"
"542","33.650001525878906","33.650001525878906","33.650001525878906","18.540000915527344","18.540000915527344","18.540000915527344"
"543","48.11000061035156","48.11000061035156","48.11000061035156","20.209999084472656","20.209999084472656","20.209999084472656"
"544","36.939998626708984","36.939998626708984","36.939998626708984","22.90999984741211","22.90999984741211","22.90999984741211"
"545","38.849998474121094","38.849998474121094","38.849998474121094","19.860000610351562","19.860000610351562","19.860000610351562"
"546","37.5099983215332","37.5099983215332","37.5099983215332","23.440000534057617","23.440000534057617","23.440000534057617"
"547","31.540000915527344","31.540000915527344","31.540000915527344","20.739999771118164","20.739999771118164","20.739999771118164"
"548","36.939998626708984","36.939998626708984","36.939998626708984","20.360000610351562","20.360000610351562","20.360000610351562"
"549","32.91999816894531","32.91999816894531","32.91999816894531","24.270000457763672","24.270000457763672","24.270000457763672"
"550","31.809999465942383","31.809999465942383","31.809999465942383","23.93000030517578","23.93000030517578","23.93000030517578"
"551","38.540000915527344","38.540000915527344","38.540000915527344","19.15999984741211","19.15999984741211","19.15999984741211"
"552","35.130001068115234","35.130001068115234","35.130001068115234","21.530000686645508","21.530000686645508","21.530000686645508"
"553","32.65999984741211","32.65999984741211","32.65999984741211","19.149999618530273","19.149999618530273","19.149999618530273"
"554","36.33000183105469","36.33000183105469","36.33000183105469","21.270000457763672","21.270000457763672","21.270000457763672"
"555","32.02000045776367","32.02000045776367","32.02000045776367","24.520000457763672","24.520000457763672","24.520000457763672"
"556","30.389999389648438","30.389999389648438","30.389999389648438","19.729999542236328","19.729999542236328","19.729999542236328"
"557","32.5","32.5","32.5","21.049999237060547","21.049999237060547","21.049999237060547"
"558","33.400001525878906","33.400001525878906","33.400001525878906","22.860000610351562","22.860000610351562","22.860000610351562"
"559","33.439998626708984","33.439998626708984","33.439998626708984","18.34000015258789","18.34000015258789","18.34000015258789"
"560","26.700000762939453","26.700000762939453","26.700000762939453","18.020000457763672","18.020000457763672","18.020000457763672"
"561","38.13999938964844","38.13999938964844","38.13999938964844","19.93000030517578","19.93000030517578","19.93000030517578"
"562","28.829999923706055","28.829999923706055","28.829999923706055","20.25","20.25","20.25"
"563","31.780000686645508","31.780000686645508","31.780000686645508","19.299999237060547","19.299999237060547","19.299999237060547"
"564","24.829999923706055","24.829999923706055","24.829999923706055","18.170000076293945","18.170000076293945","18.170000076293945"
"565","38.52000045776367","38.52000045776367","38.52000045776367","20.579999923706055","20.579999923706055","20.579999923706055"
"566","34.599998474121094","34.599998474121094","34.599998474121094","20.989999771118164","20.989999771118164","20.989999771118164"
"567","31.010000228881836","31.010000228881836","31.010000228881836","21.739999771118164","21.739999771118164","21.739999771118164"
"568","29.979999542236328","29.979999542236328","29.979999542236328","20.06999969482422","20.06999969482422","20.06999969482422"
"569","35.650001525878906","35.650001525878906","35.650001525878906","21.06999969482422","21.06999969482422","21.06999969482422"
"570","39.040000915527344","39.040000915527344","39.040000915527344","17.969999313354492","17.969999313354492","17.969999313354492"
"571","30.100000381469727","30.100000381469727","30.100000381469727","19.989999771118164","19.989999771118164","19.989999771118164"
"572","28.920000076293945","28.920000076293945","28.920000076293945","17.579999923706055","17.579999923706055","17.579999923706055"
"573","25.299999237060547","25.299999237060547","25.299999237060547","19.84000015258789","19.84000015258789","19.84000015258789"
"574","34.36000061035156","34.36000061035156","34.36000061035156","20.15999984741211","20.15999984741211","20.15999984741211"
"575","32.790000915527344","32.790000915527344","32.790000915527344","17.979999542236328","17.979999542236328","17.979999542236328"
"576","29.100000381469727","29.100000381469727","29.100000381469727","18.729999542236328","18.729999542236328","18.729999542236328"
"577","30.600000381469727","30.600000381469727","30.600000381469727","21.389999389648438","21.389999389648438","21.389999389648438"
"578","34.720001220703125","34.720001220703125","34.720001220703125","19.969999313354492","19.969999313354492","19.969999313354492"
"579","28.209999084472656","28.209999084472656","28.209999084472656","18.440000534057617","18.440000534057617","18.440000534057617"
"580","31.420000076293945","31.420000076293945","31.420000076293945","19.8799991607666","19.8799991607666","19.8799991607666"
"581","32.52000045776367","32.52000045776367","32.52000045776367","18.579999923706055","18.579999923706055","18.579999923706055"
"582","33.560001373291016","33.560001373291016","33.560001373291016","19.8700008392334","19.8700008392334","19.8700008392334"
"583","28.690000534057617","28.690000534057617","28.690000534057617","21.739999771118164","21.739999771118164","21.739999771118164"
"584","34.849998474121094","34.849998474121094","34.849998474121094","16.670000076293945","16.670000076293945","16.670000076293945"
"585","30.530000686645508","30.530000686645508","30.530000686645508","19.270000457763672","19.270000457763672","19.270000457763672"
"586","37.7599983215332","37.7599983215332","37.7599983215332","18.31999969482422","18.31999969482422","18.31999969482422"
"587","31.06999969482422","31.06999969482422","31.06999969482422","19.579999923706055","19.579999923706055","19.579999923706055"
"588","45.560001373291016","45.560001373291016","45.560001373291016","19.889999389648438","19.889999389648438","19.889999389648438"
"589","28.670000076293945","28.670000076293945","28.670000076293945","20.43000030517578","20.43000030517578","20.43000030517578"
"590","24.40999984741211","24.40999984741211","24.40999984741211","19.110000610351562","19.110000610351562","19.110000610351562"
"591","28.1299991607666","28.1299991607666","28.1299991607666","19.309999465942383","19.309999465942383","19.309999465942383"
"592","24.489999771118164","24.489999771118164","24.489999771118164","20.170000076293945","20.170000076293945","20.170000076293945"
"593","30.309999465942383","30.309999465942383","30.309999465942383","19.610000610351562","19.610000610351562","19.610000610351562"
"594","31.290000915527344","31.290000915527344","31.290000915527344","18.979999542236328","18.979999542236328","18.979999542236328"
"595","27.309999465942383","27.309999465942383","27.309999465942383","20.899999618530273","20.899999618530273","20.899999618530273"
"596","25.06999969482422","25.06999969482422","25.06999969482422","19.239999771118164","19.239999771118164","19.239999771118164"
"597","34.25","34.25","34.25","18.420000076293945","18.420000076293945","18.420000076293945"
"598","32.95000076293945","32.95000076293945","32.95000076293945","17.40999984741211","17.40999984741211","17.40999984741211"
"599","33.56999969482422","33.56999969482422","33.56999969482422","18.649999618530273","18.649999618530273","18.649999618530273"
"600","29.190000534057617","29.190000534057617","29.190000534057617","20.3799991607666","20.3799991607666","20.3799991607666"
"601","29.020000457763672","29.020000457763672","29.020000457763672","17.670000076293945","17.670000076293945","17.670000076293945"
"602","26.889999389648438","26.889999389648438","26.889999389648438","20.110000610351562","20.110000610351562","20.110000610351562"
"603","32.11000061035156","32.11000061035156","32.11000061035156","19.479999542236328","19.479999542236328","19.479999542236328"
"604","35.09000015258789","35.09000015258789","35.09000015258789","19.579999923706055","19.579999923706055","19.579999923706055"
"605","24.75","24.75","24.75","17.649999618530273","17.649999618530273","17.649999618530273"
"606","31.280000686645508","31.280000686645508","31.280000686645508","20.149999618530273","20.149999618530273","20.149999618530273"
"607","25.729999542236328","25.729999542236328","25.729999542236328","18.100000381469727","18.100000381469727","18.100000381469727"
"608","33.02000045776367","33.02000045776367","33.02000045776367","19.75","19.75","19.75"
"609","27.479999542236328","27.479999542236328","27.479999542236328","18.469999313354492","18.469999313354492","18.469999313354492"
"610","32.02000045776367","32.02000045776367","32.02000045776367","20.06999969482422","20.06999969482422","20.06999969482422"
"611","27.950000762939453","27.950000762939453","27.950000762939453","19","19","19"
"612","28.170000076293945","28.170000076293945","28.170000076293945","19.5","19.5","19.5"
"613","31.399999618530273","31.399999618530273","31.399999618530273","19.030000686645508","19.030000686645508","19.030000686645508"
"614","25.149999618530273","25.149999618530273","25.149999618530273","21.610000610351562","21.610000610351562","21.610000610351562"
"615","34","34","34","19.389999389648438","19.389999389648438","19.389999389648438"
"616","22.989999771118164","22.989999771118164","22.989999771118164","20.65999984741211","20.65999984741211","20.65999984741211"
"617","26.469999313354492","26.469999313354492","26.469999313354492","19.030000686645508","19.030000686645508","19.030000686645508"
"618","39.58000183105469","39.58000183105469","39.58000183105469","18.450000762939453","18.450000762939453","18.450000762939453"
"619","23.209999084472656","23.209999084472656","23.209999084472656","19.889999389648438","19.889999389648438","19.889999389648438"
"620","28.479999542236328","28.479999542236328","28.479999542236328","18.34000015258789","18.34000015258789","18.34000015258789"
"621","28.18000030517578","28.18000030517578","28.18000030517578","17.75","17.75","17.75"
"622","29.309999465942383","29.309999465942383","29.309999465942383","18.780000686645508","18.780000686645508","18.780000686645508"
"623","34.09000015258789","34.09000015258789","34.09000015258789","18.469999313354492","18.469999313354492","18.469999313354492"
"624","44.11000061035156","44.11000061035156","44.11000061035156","18.43000030517578","18.43000030517578","18.43000030517578"
"625","36.4900016784668","36.4900016784668","36.4900016784668","18.469999313354492","18.469999313354492","18.469999313354492"
"626","29.25","29.25","29.25","18.969999313354492","18.969999313354492","18.969999313354492"
"627","31.90999984741211","31.90999984741211","31.90999984741211","18.299999237060547","18.299999237060547","18.299999237060547"
"628","25.020000457763672","25.020000457763672","25.020000457763672","18.280000686645508","18.280000686645508","18.280000686645508"
"629","32.119998931884766","32.119998931884766","32.119998931884766","16.969999313354492","16.969999313354492","16.969999313354492"
"630","27.170000076293945","27.170000076293945","27.170000076293945","17.8700008392334","17.8700008392334","17.8700008392334"
"631","24.969999313354492","24.969999313354492","24.969999313354492","18.209999084472656","18.209999084472656","18.209999084472656"
"632","27.81999969482422","27.81999969482422","27.81999969482422","16.43000030517578","16.43000030517578","16.43000030517578"
"633","31.719999313354492","31.719999313354492","31.719999313354492","16.760000228881836","16.760000228881836","16.760000228881836"
"634","32.16999816894531","32.16999816894531","32.16999816894531","17.75","17.75","17.75"
"635","33.45000076293945","33.45000076293945","33.45000076293945","17.510000228881836","17.510000228881836","17.510000228881836"
"636","23.280000686645508","23.280000686645508","23.280000686645508","19.459999084472656","19.459999084472656","19.459999084472656"
"637","34.47999954223633","34.47999954223633","34.47999954223633","19.899999618530273","19.899999618530273","19.899999618530273"
"638","24.329999923706055","24.329999923706055","24.329999923706055","18.59000015258789","18.59000015258789","18.59000015258789"
"639","30.09000015258789","30.09000015258789","30.09000015258789","18.84000015258789","18.84000015258789","18.84000015258789"
"640","28.610000610351562","28.610000610351562","28.610000610351562","19.899999618530273","19.899999618530273","19.899999618530273"
"641","32.15999984741211","32.15999984741211","32.15999984741211","18.579999923706055","18.579999923706055","18.579999923706055"
"642","33.58000183105469","33.58000183105469","33.58000183105469","18.43000030517578","18.43000030517578","18.43000030517578"
"643","24.219999313354492","24.219999313354492","24.219999313354492","19.059999465942383","19.059999465942383","19.059999465942383"
"644","32.66999816894531","32.66999816894531","32.66999816894531","18.420000076293945","18.420000076293945","18.420000076293945"
"645","36.349998474121094","36.349998474121094","36.349998474121094","18.290000915527344","18.290000915527344","18.290000915527344"
"646","28.81999969482422","28.81999969482422","28.81999969482422","20.969999313354492","20.969999313354492","20.969999313354492"
"647","20.049999237060547","20.049999237060547","20.049999237060547","22.239999771118164","22.239999771118164","22.239999771118164"
"648","29.15999984741211","29.15999984741211","29.15999984741211","17.860000610351562","17.860000610351562","17.860000610351562"
"649","30.770000457763672","30.770000457763672","30.770000457763672","18.260000228881836","18.260000228881836","18.260000228881836"
"650","23.84000015258789","23.84000015258789","23.84000015258789","16.81999969482422","16.81999969482422","16.81999969482422"
"651","27.6299991607666","27.6299991607666","27.6299991607666","17.75","17.75","17.75"
"652","25.610000610351562","25.610000610351562","25.610000610351562","16.989999771118164","16.989999771118164","16.989999771118164"
"653","39.189998626708984","39.189998626708984","39.189998626708984","18.889999389648438","18.889999389648438","18.889999389648438"
"654","31.6200008392334","31.6200008392334","31.6200008392334","17.520000457763672","17.520000457763672","17.520000457763672"
"655","31.469999313354492","31.469999313354492","31.469999313354492","18.149999618530273","18.149999618530273","18.149999618530273"
"656","33.470001220703125","33.470001220703125","33.470001220703125","18","18","18"
"657","25.559999465942383","25.559999465942383","25.559999465942383","17.239999771118164","17.239999771118164","17.239999771118164"
"658","27.969999313354492","27.969999313354492","27.969999313354492","16.899999618530273","16.899999618530273","16.899999618530273"
"659","37.65999984741211","37.65999984741211","37.65999984741211","19.760000228881836","19.760000228881836","19.760000228881836"
"660","38.54999923706055","38.54999923706055","38.54999923706055","18.90999984741211","18.90999984741211","18.90999984741211"
"661","30.75","30.75","30.75","15.600000381469727","15.600000381469727","15.600000381469727"
"662","29.219999313354492","29.219999313354492","29.219999313354492","17.059999465942383","17.059999465942383","17.059999465942383"
"663","29.6299991607666","29.6299991607666","29.6299991607666","17.09000015258789","17.09000015258789","17.09000015258789"
"664","32.41999816894531","32.41999816894531","32.41999816894531","17.520000457763672","17.520000457763672","17.520000457763672"
"665","24.969999313354492","24.969999313354492","24.969999313354492","16.850000381469727","16.850000381469727","16.850000381469727"
"666","29","29","29","18.40999984741211","18.40999984741211","18.40999984741211"
"667","33.84000015258789","33.84000015258789","33.84000015258789","17.520000457763672","17.520000457763672","17.520000457763672"
"668","30.649999618530273","30.649999618530273","30.649999618530273","22.09000015258789","22.09000015258789","22.09000015258789"
"669","21.170000076293945","21.170000076293945","21.170000076293945","18.979999542236328","18.979999542236328","18.979999542236328"
"670","31.739999771118164","31.739999771118164","31.739999771118164","17.889999389648438","17.889999389648438","17.889999389648438"
"671","37.029998779296875","37.029998779296875","37.029998779296875","17.809999465942383","17.809999465942383","17.809999465942383"
"672","33.75","33.75","33.75","17.40999984741211","17.40999984741211","17.40999984741211"
"673","29.209999084472656","29.209999084472656","29.209999084472656","18.489999771118164","18.489999771118164","18.489999771118164"
"674","25.940000534057617","25.940000534057617","25.940000534057617","17.079999923706055","17.079999923706055","17.079999923706055"
"675","20.56999969482422","20.56999969482422","20.56999969482422","17.690000534057617","17.690000534057617","17.690000534057617"
"676","31.850000381469727","31.850000381469727","31.850000381469727","16.790000915527344","16.790000915527344","16.790000915527344"
"677","30.639999389648438","30.639999389648438","30.639999389648438","18.190000534057617","18.190000534057617","18.190000534057617"
"678","26.959999084472656","26.959999084472656","26.959999084472656","17.84000015258789","17.84000015258789","17.84000015258789"
"679","31.68000030517578","31.68000030517578","31.68000030517578","18.280000686645508","18.280000686645508","18.280000686645508"
"680","26.920000076293945","26.920000076293945","26.920000076293945","16.290000915527344","16.290000915527344","16.290000915527344"
"681","27.850000381469727","27.850000381469727","27.850000381469727","16.329999923706055","16.329999923706055","16.329999923706055"
"682","42.4900016784668","42.4900016784668","42.4900016784668","18.600000381469727","18.600000381469727","18.600000381469727"
"683","21.579999923706055","21.579999923706055","21.579999923706055","18.670000076293945","18.670000076293945","18.670000076293945"
"684","33.29999923706055","33.29999923706055","33.29999923706055","18.34000015258789","18.34000015258789","18.34000015258789"
"685","30.639999389648438","30.639999389648438","30.639999389648438","19.079999923706055","19.079999923706055","19.079999923706055"
"686","38.130001068115234","38.130001068115234","38.130001068115234","16.959999084472656","16.959999084472656","16.959999084472656"
"687","26.079999923706055","26.079999923706055","26.079999923706055","16.90999984741211","16.90999984741211","16.90999984741211"
"688","23.68000030517578","23.68000030517578","23.68000030517578","18.389999389648438","18.389999389648438","18.389999389648438"
"689","32.84000015258789","32.84000015258789","32.84000015258789","17.65999984741211","17.65999984741211","17.65999984741211"
"690","33.119998931884766","33.119998931884766","33.119998931884766","18.760000228881836","18.760000228881836","18.760000228881836"
"691","33.060001373291016","33.060001373291016","33.060001373291016","14.850000381469727","14.850000381469727","14.850000381469727"
"692","23.309999465942383","23.309999465942383","23.309999465942383","18.1299991607666","18.1299991607666","18.1299991607666"
"693","29.8799991607666","29.8799991607666","29.8799991607666","17.530000686645508","17.530000686645508","17.530000686645508"
"694","30.360000610351562","30.360000610351562","30.360000610351562","18.940000534057617","18.940000534057617","18.940000534057617"
"695","23.90999984741211","23.90999984741211","23.90999984741211","16.670000076293945","16.670000076293945","16.670000076293945"
"696","31.8700008392334","31.8700008392334","31.8700008392334","17.469999313354492","17.469999313354492","17.469999313354492"
"697","41.59000015258789","41.59000015258789","41.59000015258789","18.149999618530273","18.149999618530273","18.149999618530273"
"698","29.93000030517578","29.93000030517578","29.93000030517578","18.760000228881836","18.760000228881836","18.760000228881836"
"699","32.34000015258789","32.34000015258789","32.34000015258789","16.06999969482422","16.06999969482422","16.06999969482422"
"700","27.270000457763672","27.270000457763672","27.270000457763672","16.950000762939453","16.950000762939453","16.950000762939453"
"701","40.900001525878906","40.900001525878906","40.900001525878906","17.469999313354492","17.469999313354492","17.469999313354492"
"702","35.400001525878906","35.400001525878906","35.400001525878906","16.399999618530273","16.399999618530273","16.399999618530273"
"703","36.900001525878906","36.900001525878906","36.900001525878906","15.229999542236328","15.229999542236328","15.229999542236328"
"704","24.559999465942383","24.559999465942383","24.559999465942383","18.559999465942383","18.559999465942383","18.559999465942383"
"705","29.809999465942383","29.809999465942383","29.809999465942383","18.75","18.75","18.75"
"706","29.440000534057617","29.440000534057617","29.440000534057617","17.15999984741211","17.15999984741211","17.15999984741211"
"707","30.239999771118164","30.239999771118164","30.239999771118164","16.709999084472656","16.709999084472656","16.709999084472656"
"708","31.079999923706055","31.079999923706055","31.079999923706055","16.510000228881836","16.510000228881836","16.510000228881836"
"709","27.170000076293945","27.170000076293945","27.170000076293945","18.420000076293945","18.420000076293945","18.420000076293945"
"710","25.3700008392334","25.3700008392334","25.3700008392334","16.209999084472656","16.209999084472656","16.209999084472656"
"711","37.33000183105469","37.33000183105469","37.33000183105469","16.90999984741211","16.90999984741211","16.90999984741211"
"712","28.729999542236328","28.729999542236328","28.729999542236328","16.110000610351562","16.110000610351562","16.110000610351562"
"713","33.869998931884766","33.869998931884766","33.869998931884766","16.559999465942383","16.559999465942383","16.559999465942383"
"714","32.560001373291016","32.560001373291016","32.560001373291016","15.720000267028809","15.720000267028809","15.720000267028809"
"715","28.959999084472656","28.959999084472656","28.959999084472656","19.25","19.25","19.25"
"716","34.619998931884766","34.619998931884766","34.619998931884766","18.139999389648438","18.139999389648438","18.139999389648438"
"717","29.549999237060547","29.549999237060547","29.549999237060547","16.3700008392334","16.3700008392334","16.3700008392334"
"718","33.68000030517578","33.68000030517578","33.68000030517578","14.880000114440918","14.880000114440918","14.880000114440918"
"719","28.8799991607666","28.8799991607666","28.8799991607666","17.6299991607666","17.6299991607666","17.6299991607666"
"720","34.58000183105469","34.58000183105469","34.58000183105469","16.68000030517578","16.68000030517578","16.68000030517578"
"721","25.799999237060547","25.799999237060547","25.799999237060547","17.510000228881836","17.510000228881836","17.510000228881836"
"722","38.06999969482422","38.06999969482422","38.06999969482422","17.6299991607666","17.6299991607666","17.6299991607666"
"723","24.81999969482422","24.81999969482422","24.81999969482422","15.369999885559082","15.369999885559082","15.369999885559082"
"724","35.02000045776367","35.02000045776367","35.02000045776367","18.149999618530273","18.149999618530273","18.149999618530273"
"725","27.469999313354492","27.469999313354492","27.469999313354492","16.209999084472656","16.209999084472656","16.209999084472656"
"726","36.2400016784668","36.2400016784668","36.2400016784668","15.75","15.75","15.75"
"727","34.939998626708984","34.939998626708984","34.939998626708984","16.469999313354492","16.469999313354492","16.469999313354492"
"728","31.670000076293945","31.670000076293945","31.670000076293945","18.15999984741211","18.15999984741211","18.15999984741211"
"729","36.279998779296875","36.279998779296875","36.279998779296875","17.18000030517578","17.18000030517578","17.18000030517578"
"730","33.029998779296875","33.029998779296875","33.029998779296875","15.800000190734863","15.800000190734863","15.800000190734863"
"731","41.16999816894531","41.16999816894531","41.16999816894531","16.719999313354492","16.719999313354492","16.719999313354492"
"732","31.40999984741211","31.40999984741211","31.40999984741211","17.760000228881836","17.760000228881836","17.760000228881836"
"733","33.52000045776367","33.52000045776367","33.52000045776367","17.68000030517578","17.68000030517578","17.68000030517578"
"734","30.959999084472656","30.959999084472656","30.959999084472656","17.760000228881836","17.760000228881836","17.760000228881836"
"735","36.72999954223633","36.72999954223633","36.72999954223633","15.520000457763672","15.520000457763672","15.520000457763672"
"736","31.950000762939453","31.950000762939453","31.950000762939453","16.700000762939453","16.700000762939453","16.700000762939453"
"737","33.86000061035156","33.86000061035156","33.86000061035156","17.520000457763672","17.520000457763672","17.520000457763672"
"738","34.619998931884766","34.619998931884766","34.619998931884766","18.030000686645508","18.030000686645508","18.030000686645508"
"739","30.3700008392334","30.3700008392334","30.3700008392334","17.610000610351562","17.610000610351562","17.610000610351562"
"740","29.270000457763672","29.270000457763672","29.270000457763672","17.399999618530273","17.399999618530273","17.399999618530273"
"741","30.790000915527344","30.790000915527344","30.790000915527344","15.5","15.5","15.5"
"742","27.329999923706055","27.329999923706055","27.329999923706055","14.09000015258789","14.09000015258789","14.09000015258789"
"743","26.440000534057617","26.440000534057617","26.440000534057617","16.520000457763672","16.520000457763672","16.520000457763672"
"744","32.650001525878906","32.650001525878906","32.650001525878906","15.930000305175781","15.930000305175781","15.930000305175781"
"745","29.809999465942383","29.809999465942383","29.809999465942383","17.899999618530273","17.899999618530273","17.899999618530273"
"746","40.16999816894531","40.16999816894531","40.16999816894531","15.289999961853027","15.289999961853027","15.289999961853027"
"747","31.610000610351562","31.610000610351562","31.610000610351562","16.229999542236328","16.229999542236328","16.229999542236328"
"748","28.93000030517578","28.93000030517578","28.93000030517578","17.760000228881836","17.760000228881836","17.760000228881836"
"750","36.70000076293945","36.70000076293945","36.70000076293945","15.640000343322754","15.640000343322754","15.640000343322754"