"Step","VeryHighPen-DR3 - rollout/ep_rew_mean","VeryHighPen-DR3 - rollout/ep_rew_mean__MIN","VeryHighPen-DR3 - rollout/ep_rew_mean__MAX","MedPen-HoleNoise - rollout/ep_rew_mean","MedPen-HoleNoise - rollout/ep_rew_mean__MIN","MedPen-HoleNoise - rollout/ep_rew_mean__MAX"
"0","-1.4256956577301025","-1.4256956577301025","-1.4256956577301025","","",""
"1","-1.7731330394744873","-1.7731330394744873","-1.7731330394744873","","",""
"2","-1.7731330394744873","-1.7731330394744873","-1.7731330394744873","","",""
"3","17.264375686645508","17.264375686645508","17.264375686645508","105.07986450195312","105.07986450195312","105.07986450195312"
"4","13.211408615112305","13.211408615112305","13.211408615112305","105.07986450195312","105.07986450195312","105.07986450195312"
"5","13.193990707397461","13.193990707397461","13.193990707397461","105.07986450195312","105.07986450195312","105.07986450195312"
"6","13.193990707397461","13.193990707397461","13.193990707397461","105.07986450195312","105.07986450195312","105.07986450195312"
"7","15.244549751281738","15.244549751281738","15.244549751281738","127.40769958496094","127.40769958496094","127.40769958496094"
"8","15.560585975646973","15.560585975646973","15.560585975646973","127.40769958496094","127.40769958496094","127.40769958496094"
"9","15.59782886505127","15.59782886505127","15.59782886505127","127.40769958496094","127.40769958496094","127.40769958496094"
"10","15.59782886505127","15.59782886505127","15.59782886505127","127.40769958496094","127.40769958496094","127.40769958496094"
"11","35.822601318359375","35.822601318359375","35.822601318359375","122.4275131225586","122.4275131225586","122.4275131225586"
"12","35.45952606201172","35.45952606201172","35.45952606201172","122.4275131225586","122.4275131225586","122.4275131225586"
"13","30.683149337768555","30.683149337768555","30.683149337768555","122.4275131225586","122.4275131225586","122.4275131225586"
"14","33.356056213378906","33.356056213378906","33.356056213378906","122.4275131225586","122.4275131225586","122.4275131225586"
"15","2.5521938800811768","2.5521938800811768","2.5521938800811768","124.34535217285156","124.34535217285156","124.34535217285156"
"16","7.4016618728637695","7.4016618728637695","7.4016618728637695","124.34535217285156","124.34535217285156","124.34535217285156"
"17","7.389106273651123","7.389106273651123","7.389106273651123","124.34535217285156","124.34535217285156","124.34535217285156"
"18","9.322518348693848","9.322518348693848","9.322518348693848","124.34535217285156","124.34535217285156","124.34535217285156"
"19","30.318952560424805","30.318952560424805","30.318952560424805","132.74539184570312","132.74539184570312","132.74539184570312"
"20","29.368803024291992","29.368803024291992","29.368803024291992","132.74539184570312","132.74539184570312","132.74539184570312"
"21","29.360872268676758","29.360872268676758","29.360872268676758","132.74539184570312","132.74539184570312","132.74539184570312"
"22","32.3623046875","32.3623046875","32.3623046875","132.74539184570312","132.74539184570312","132.74539184570312"
"23","72.74195098876953","72.74195098876953","72.74195098876953","122.06523895263672","122.06523895263672","122.06523895263672"
"24","74.44546508789062","74.44546508789062","74.44546508789062","122.06523895263672","122.06523895263672","122.06523895263672"
"25","78.08552551269531","78.08552551269531","78.08552551269531","122.06523895263672","122.06523895263672","122.06523895263672"
"26","68.93914031982422","68.93914031982422","68.93914031982422","122.06523895263672","122.06523895263672","122.06523895263672"
"27","6.0244317054748535","6.0244317054748535","6.0244317054748535","92.55371856689453","92.55371856689453","92.55371856689453"
"28","6.699424743652344","6.699424743652344","6.699424743652344","92.55371856689453","92.55371856689453","92.55371856689453"
"29","8.897017478942871","8.897017478942871","8.897017478942871","92.55371856689453","92.55371856689453","92.55371856689453"
"30","8.946898460388184","8.946898460388184","8.946898460388184","92.55371856689453","92.55371856689453","92.55371856689453"
"31","32.750648498535156","32.750648498535156","32.750648498535156","91.58682250976562","91.58682250976562","91.58682250976562"
"32","34.54290008544922","34.54290008544922","34.54290008544922","91.58682250976562","91.58682250976562","91.58682250976562"
"33","35.244384765625","35.244384765625","35.244384765625","91.58682250976562","91.58682250976562","91.58682250976562"
"34","36.307350158691406","36.307350158691406","36.307350158691406","89.59441375732422","89.59441375732422","89.59441375732422"
"35","27.394508361816406","27.394508361816406","27.394508361816406","121.85505676269531","121.85505676269531","121.85505676269531"
"36","32.53919982910156","32.53919982910156","32.53919982910156","121.85505676269531","121.85505676269531","121.85505676269531"
"37","32.53919982910156","32.53919982910156","32.53919982910156","121.85505676269531","121.85505676269531","121.85505676269531"
"38","29.581178665161133","29.581178665161133","29.581178665161133","119.44019317626953","119.44019317626953","119.44019317626953"
"39","50.508995056152344","50.508995056152344","50.508995056152344","77.59121704101562","77.59121704101562","77.59121704101562"
"40","56.47456359863281","56.47456359863281","56.47456359863281","77.59121704101562","77.59121704101562","77.59121704101562"
"41","56.47456359863281","56.47456359863281","56.47456359863281","74.6922836303711","74.6922836303711","74.6922836303711"
"42","43.40787887573242","43.40787887573242","43.40787887573242","118.37139129638672","118.37139129638672","118.37139129638672"
"43","43.67789077758789","43.67789077758789","43.67789077758789","118.37139129638672","118.37139129638672","118.37139129638672"
"44","43.67070007324219","43.67070007324219","43.67070007324219","118.37139129638672","118.37139129638672","118.37139129638672"
"45","43.969661712646484","43.969661712646484","43.969661712646484","120.71857452392578","120.71857452392578","120.71857452392578"
"46","5.986240863800049","5.986240863800049","5.986240863800049","114.29486846923828","114.29486846923828","114.29486846923828"
"47","9.567105293273926","9.567105293273926","9.567105293273926","114.29486846923828","114.29486846923828","114.29486846923828"
"48","7.1487321853637695","7.1487321853637695","7.1487321853637695","114.29486846923828","114.29486846923828","114.29486846923828"
"49","3.1018714904785156","3.1018714904785156","3.1018714904785156","114.30615234375","114.30615234375","114.30615234375"
"50","39.93497848510742","39.93497848510742","39.93497848510742","114.83856964111328","114.83856964111328","114.83856964111328"
"51","36.90713882446289","36.90713882446289","36.90713882446289","114.83856964111328","114.83856964111328","114.83856964111328"
"52","37.86868667602539","37.86868667602539","37.86868667602539","114.83856964111328","114.83856964111328","114.83856964111328"
"53","37.093910217285156","37.093910217285156","37.093910217285156","116.39796447753906","116.39796447753906","116.39796447753906"
"54","38.319461822509766","38.319461822509766","38.319461822509766","125.1781234741211","125.1781234741211","125.1781234741211"
"55","28.491010665893555","28.491010665893555","28.491010665893555","125.1781234741211","125.1781234741211","125.1781234741211"
"56","31.615327835083008","31.615327835083008","31.615327835083008","125.1781234741211","125.1781234741211","125.1781234741211"
"57","29.105533599853516","29.105533599853516","29.105533599853516","125.1789321899414","125.1789321899414","125.1789321899414"
"58","35.3362922668457","35.3362922668457","35.3362922668457","92.75196075439453","92.75196075439453","92.75196075439453"
"59","30.73735809326172","30.73735809326172","30.73735809326172","92.75196075439453","92.75196075439453","92.75196075439453"
"60","32.55774688720703","32.55774688720703","32.55774688720703","92.75196075439453","92.75196075439453","92.75196075439453"
"61","59.10500717163086","59.10500717163086","59.10500717163086","92.72926330566406","92.72926330566406","92.72926330566406"
"62","56.53499221801758","56.53499221801758","56.53499221801758","105.5738754272461","105.5738754272461","105.5738754272461"
"63","51.344295501708984","51.344295501708984","51.344295501708984","105.5738754272461","105.5738754272461","105.5738754272461"
"64","60.32597351074219","60.32597351074219","60.32597351074219","105.5738754272461","105.5738754272461","105.5738754272461"
"65","327.8968811035156","327.8968811035156","327.8968811035156","109.49817657470703","109.49817657470703","109.49817657470703"
"66","24.16559600830078","24.16559600830078","24.16559600830078","104.32328796386719","104.32328796386719","104.32328796386719"
"67","29.383493423461914","29.383493423461914","29.383493423461914","104.32328796386719","104.32328796386719","104.32328796386719"
"68","65.7495346069336","65.7495346069336","65.7495346069336","104.32328796386719","104.32328796386719","104.32328796386719"
"69","155.84629821777344","155.84629821777344","155.84629821777344","102.32151794433594","102.32151794433594","102.32151794433594"
"70","22.764938354492188","22.764938354492188","22.764938354492188","150.1362762451172","150.1362762451172","150.1362762451172"
"71","64.52716064453125","64.52716064453125","64.52716064453125","150.1362762451172","150.1362762451172","150.1362762451172"
"72","237.4105987548828","237.4105987548828","237.4105987548828","149.1543731689453","149.1543731689453","149.1543731689453"
"73","92.07693481445312","92.07693481445312","92.07693481445312","68.9312744140625","68.9312744140625","68.9312744140625"
"74","15.847643852233887","15.847643852233887","15.847643852233887","127.1927261352539","127.1927261352539","127.1927261352539"
"75","129.86412048339844","129.86412048339844","129.86412048339844","127.1927261352539","127.1927261352539","127.1927261352539"
"76","66.4417724609375","66.4417724609375","66.4417724609375","120.9801254272461","120.9801254272461","120.9801254272461"
"77","45.32206344604492","45.32206344604492","45.32206344604492","110.17919921875","110.17919921875","110.17919921875"
"78","116.29044342041016","116.29044342041016","116.29044342041016","152.0096435546875","152.0096435546875","152.0096435546875"
"79","86.65241241455078","86.65241241455078","86.65241241455078","152.0096435546875","152.0096435546875","152.0096435546875"
"80","52.89906692504883","52.89906692504883","52.89906692504883","150.94668579101562","150.94668579101562","150.94668579101562"
"81","45.754981994628906","45.754981994628906","45.754981994628906","116.627685546875","116.627685546875","116.627685546875"
"82","68.43035888671875","68.43035888671875","68.43035888671875","150.73582458496094","150.73582458496094","150.73582458496094"
"83","57.37602996826172","57.37602996826172","57.37602996826172","150.73582458496094","150.73582458496094","150.73582458496094"
"84","40.8127555847168","40.8127555847168","40.8127555847168","144.04791259765625","144.04791259765625","144.04791259765625"
"85","45.852806091308594","45.852806091308594","45.852806091308594","152.64187622070312","152.64187622070312","152.64187622070312"
"86","42.43918991088867","42.43918991088867","42.43918991088867","152.64187622070312","152.64187622070312","152.64187622070312"
"87","30.32689094543457","30.32689094543457","30.32689094543457","152.64187622070312","152.64187622070312","152.64187622070312"
"88","67.78213500976562","67.78213500976562","67.78213500976562","156.34823608398438","156.34823608398438","156.34823608398438"
"89","46.99634552001953","46.99634552001953","46.99634552001953","172.8881072998047","172.8881072998047","172.8881072998047"
"90","67.18122100830078","67.18122100830078","67.18122100830078","172.8881072998047","172.8881072998047","172.8881072998047"
"91","59.23041915893555","59.23041915893555","59.23041915893555","172.41604614257812","172.41604614257812","172.41604614257812"
"92","54.706119537353516","54.706119537353516","54.706119537353516","151.4251708984375","151.4251708984375","151.4251708984375"
"93","67.67134857177734","67.67134857177734","67.67134857177734","182.82530212402344","182.82530212402344","182.82530212402344"
"94","45.397483825683594","45.397483825683594","45.397483825683594","182.82530212402344","182.82530212402344","182.82530212402344"
"95","46.03266143798828","46.03266143798828","46.03266143798828","174.39927673339844","174.39927673339844","174.39927673339844"
"96","21.090343475341797","21.090343475341797","21.090343475341797","234.2994842529297","234.2994842529297","234.2994842529297"
"97","22.466951370239258","22.466951370239258","22.466951370239258","142.81382751464844","142.81382751464844","142.81382751464844"
"98","41.70713806152344","41.70713806152344","41.70713806152344","142.81382751464844","142.81382751464844","142.81382751464844"
"99","47.61262130737305","47.61262130737305","47.61262130737305","189.3936309814453","189.3936309814453","189.3936309814453"
"100","35.534446716308594","35.534446716308594","35.534446716308594","422.373779296875","422.373779296875","422.373779296875"
"101","52.67855453491211","52.67855453491211","52.67855453491211","72.68999481201172","72.68999481201172","72.68999481201172"
"102","60.53570556640625","60.53570556640625","60.53570556640625","101.35797119140625","101.35797119140625","101.35797119140625"
"103","46.608917236328125","46.608917236328125","46.608917236328125","344.4588317871094","344.4588317871094","344.4588317871094"
"104","42.66851806640625","42.66851806640625","42.66851806640625","272.4787292480469","272.4787292480469","272.4787292480469"
"105","36.78108215332031","36.78108215332031","36.78108215332031","113.2625503540039","113.2625503540039","113.2625503540039"
"106","45.28787612915039","45.28787612915039","45.28787612915039","288.1065673828125","288.1065673828125","288.1065673828125"
"107","45.06254959106445","45.06254959106445","45.06254959106445","277.3309020996094","277.3309020996094","277.3309020996094"
"108","53.689998626708984","53.689998626708984","53.689998626708984","137.10028076171875","137.10028076171875","137.10028076171875"
"109","36.221900939941406","36.221900939941406","36.221900939941406","194.67616271972656","194.67616271972656","194.67616271972656"
"110","63.70426940917969","63.70426940917969","63.70426940917969","268.4169921875","268.4169921875","268.4169921875"
"111","46.8478889465332","46.8478889465332","46.8478889465332","203.20579528808594","203.20579528808594","203.20579528808594"
"112","44.988651275634766","44.988651275634766","44.988651275634766","144.97689819335938","144.97689819335938","144.97689819335938"
"113","42.29348373413086","42.29348373413086","42.29348373413086","252.32730102539062","252.32730102539062","252.32730102539062"
"114","47.52338790893555","47.52338790893555","47.52338790893555","192.22901916503906","192.22901916503906","192.22901916503906"
"115","19.605365753173828","19.605365753173828","19.605365753173828","133.9110107421875","133.9110107421875","133.9110107421875"
"116","43.72913360595703","43.72913360595703","43.72913360595703","135.1337127685547","135.1337127685547","135.1337127685547"
"117","39.5716667175293","39.5716667175293","39.5716667175293","216.70530700683594","216.70530700683594","216.70530700683594"
"118","40.18897247314453","40.18897247314453","40.18897247314453","156.0060577392578","156.0060577392578","156.0060577392578"
"119","43.06218338012695","43.06218338012695","43.06218338012695","165.4523468017578","165.4523468017578","165.4523468017578"
"120","41.208900451660156","41.208900451660156","41.208900451660156","176.58676147460938","176.58676147460938","176.58676147460938"
"121","53.614173889160156","53.614173889160156","53.614173889160156","207.76304626464844","207.76304626464844","207.76304626464844"
"122","56.372161865234375","56.372161865234375","56.372161865234375","138.44711303710938","138.44711303710938","138.44711303710938"
"123","47.12858581542969","47.12858581542969","47.12858581542969","151.52455139160156","151.52455139160156","151.52455139160156"
"124","47.3082275390625","47.3082275390625","47.3082275390625","56.88216018676758","56.88216018676758","56.88216018676758"
"125","62.93846893310547","62.93846893310547","62.93846893310547","152.06483459472656","152.06483459472656","152.06483459472656"
"126","53.96946334838867","53.96946334838867","53.96946334838867","133.3838653564453","133.3838653564453","133.3838653564453"
"127","48.334449768066406","48.334449768066406","48.334449768066406","152.22628784179688","152.22628784179688","152.22628784179688"
"128","43.07722091674805","43.07722091674805","43.07722091674805","120.92658233642578","120.92658233642578","120.92658233642578"
"129","26.815858840942383","26.815858840942383","26.815858840942383","135.19937133789062","135.19937133789062","135.19937133789062"
"130","44.113616943359375","44.113616943359375","44.113616943359375","129.0987091064453","129.0987091064453","129.0987091064453"
"131","37.49645233154297","37.49645233154297","37.49645233154297","158.89547729492188","158.89547729492188","158.89547729492188"
"132","34.0726203918457","34.0726203918457","34.0726203918457","119.49000549316406","119.49000549316406","119.49000549316406"
"133","27.515535354614258","27.515535354614258","27.515535354614258","151.03335571289062","151.03335571289062","151.03335571289062"
"134","32.19382095336914","32.19382095336914","32.19382095336914","83.54821014404297","83.54821014404297","83.54821014404297"
"135","47.48293685913086","47.48293685913086","47.48293685913086","133.62484741210938","133.62484741210938","133.62484741210938"
"136","25.047157287597656","25.047157287597656","25.047157287597656","118.21614837646484","118.21614837646484","118.21614837646484"
"137","19.829206466674805","19.829206466674805","19.829206466674805","128.62490844726562","128.62490844726562","128.62490844726562"
"138","30.48697853088379","30.48697853088379","30.48697853088379","131.98220825195312","131.98220825195312","131.98220825195312"
"139","39.0438232421875","39.0438232421875","39.0438232421875","121.11650085449219","121.11650085449219","121.11650085449219"
"140","32.87931442260742","32.87931442260742","32.87931442260742","138.71981811523438","138.71981811523438","138.71981811523438"
"141","31.196874618530273","31.196874618530273","31.196874618530273","136.21629333496094","136.21629333496094","136.21629333496094"
"142","26.26419448852539","26.26419448852539","26.26419448852539","133.2237548828125","133.2237548828125","133.2237548828125"
"143","46.03908920288086","46.03908920288086","46.03908920288086","144.64968872070312","144.64968872070312","144.64968872070312"
"144","39.09359359741211","39.09359359741211","39.09359359741211","111.90282440185547","111.90282440185547","111.90282440185547"
"145","30.09248924255371","30.09248924255371","30.09248924255371","105.4923095703125","105.4923095703125","105.4923095703125"
"146","41.904563903808594","41.904563903808594","41.904563903808594","133.8006134033203","133.8006134033203","133.8006134033203"
"147","41.985042572021484","41.985042572021484","41.985042572021484","140.0718536376953","140.0718536376953","140.0718536376953"
"148","25.55841064453125","25.55841064453125","25.55841064453125","116.68912506103516","116.68912506103516","116.68912506103516"
"149","57.89291763305664","57.89291763305664","57.89291763305664","140.25057983398438","140.25057983398438","140.25057983398438"
"150","27.51460838317871","27.51460838317871","27.51460838317871","90.99087524414062","90.99087524414062","90.99087524414062"
"151","30.356365203857422","30.356365203857422","30.356365203857422","130.63052368164062","130.63052368164062","130.63052368164062"
"152","39.76026153564453","39.76026153564453","39.76026153564453","119.5005874633789","119.5005874633789","119.5005874633789"
"153","48.394832611083984","48.394832611083984","48.394832611083984","124.38153839111328","124.38153839111328","124.38153839111328"
"154","40.91944122314453","40.91944122314453","40.91944122314453","121.45563507080078","121.45563507080078","121.45563507080078"
"155","34.423362731933594","34.423362731933594","34.423362731933594","134.5362091064453","134.5362091064453","134.5362091064453"
"156","15.510261535644531","15.510261535644531","15.510261535644531","123.84857177734375","123.84857177734375","123.84857177734375"
"157","31.0106143951416","31.0106143951416","31.0106143951416","107.89493560791016","107.89493560791016","107.89493560791016"
"158","34.315452575683594","34.315452575683594","34.315452575683594","117.13915252685547","117.13915252685547","117.13915252685547"
"159","34.1714973449707","34.1714973449707","34.1714973449707","93.3968505859375","93.3968505859375","93.3968505859375"
"160","40.61082077026367","40.61082077026367","40.61082077026367","137.91111755371094","137.91111755371094","137.91111755371094"
"161","43.88877487182617","43.88877487182617","43.88877487182617","89.8222427368164","89.8222427368164","89.8222427368164"
"162","37.111942291259766","37.111942291259766","37.111942291259766","103.1690673828125","103.1690673828125","103.1690673828125"
"163","36.657466888427734","36.657466888427734","36.657466888427734","115.86406707763672","115.86406707763672","115.86406707763672"
"164","43.73979949951172","43.73979949951172","43.73979949951172","100.48709869384766","100.48709869384766","100.48709869384766"
"165","25.13726043701172","25.13726043701172","25.13726043701172","108.47837829589844","108.47837829589844","108.47837829589844"
"166","22.13864517211914","22.13864517211914","22.13864517211914","87.17442321777344","87.17442321777344","87.17442321777344"
"167","23.395170211791992","23.395170211791992","23.395170211791992","109.73280334472656","109.73280334472656","109.73280334472656"
"168","34.21504592895508","34.21504592895508","34.21504592895508","88.54785919189453","88.54785919189453","88.54785919189453"
"169","33.12114715576172","33.12114715576172","33.12114715576172","108.46485137939453","108.46485137939453","108.46485137939453"
"170","38.18360900878906","38.18360900878906","38.18360900878906","96.76905822753906","96.76905822753906","96.76905822753906"
"171","48.76226043701172","48.76226043701172","48.76226043701172","116.59760284423828","116.59760284423828","116.59760284423828"
"172","34.89509201049805","34.89509201049805","34.89509201049805","92.515869140625","92.515869140625","92.515869140625"
"173","24.701160430908203","24.701160430908203","24.701160430908203","106.83245849609375","106.83245849609375","106.83245849609375"
"174","30.13146209716797","30.13146209716797","30.13146209716797","90.90914916992188","90.90914916992188","90.90914916992188"
"175","25.264745712280273","25.264745712280273","25.264745712280273","92.4202880859375","92.4202880859375","92.4202880859375"
"176","41.689964294433594","41.689964294433594","41.689964294433594","85.97917175292969","85.97917175292969","85.97917175292969"
"177","31.38921546936035","31.38921546936035","31.38921546936035","97.09093475341797","97.09093475341797","97.09093475341797"
"178","40.7896842956543","40.7896842956543","40.7896842956543","93.67208862304688","93.67208862304688","93.67208862304688"
"179","49.333984375","49.333984375","49.333984375","96.24970245361328","96.24970245361328","96.24970245361328"
"180","33.1778450012207","33.1778450012207","33.1778450012207","85.606201171875","85.606201171875","85.606201171875"
"181","32.16929626464844","32.16929626464844","32.16929626464844","101.1800308227539","101.1800308227539","101.1800308227539"
"182","34.7956428527832","34.7956428527832","34.7956428527832","109.07117462158203","109.07117462158203","109.07117462158203"
"183","43.9774284362793","43.9774284362793","43.9774284362793","121.3956527709961","121.3956527709961","121.3956527709961"
"184","15.975543022155762","15.975543022155762","15.975543022155762","72.18452453613281","72.18452453613281","72.18452453613281"
"185","30.039278030395508","30.039278030395508","30.039278030395508","82.17906951904297","82.17906951904297","82.17906951904297"
"186","35.74354934692383","35.74354934692383","35.74354934692383","98.90814971923828","98.90814971923828","98.90814971923828"
"187","48.92994689941406","48.92994689941406","48.92994689941406","96.3267593383789","96.3267593383789","96.3267593383789"
"188","45.2370491027832","45.2370491027832","45.2370491027832","96.20809173583984","96.20809173583984","96.20809173583984"
"189","43.96053695678711","43.96053695678711","43.96053695678711","67.07731628417969","67.07731628417969","67.07731628417969"
"190","32.71183776855469","32.71183776855469","32.71183776855469","95.31397247314453","95.31397247314453","95.31397247314453"
"191","41.73324966430664","41.73324966430664","41.73324966430664","76.69880676269531","76.69880676269531","76.69880676269531"
"192","35.289634704589844","35.289634704589844","35.289634704589844","99.1458511352539","99.1458511352539","99.1458511352539"
"193","31.863842010498047","31.863842010498047","31.863842010498047","91.14844512939453","91.14844512939453","91.14844512939453"
"194","42.97821044921875","42.97821044921875","42.97821044921875","82.30403137207031","82.30403137207031","82.30403137207031"
"195","43.226993560791016","43.226993560791016","43.226993560791016","76.51830291748047","76.51830291748047","76.51830291748047"
"196","20.71151351928711","20.71151351928711","20.71151351928711","78.01045989990234","78.01045989990234","78.01045989990234"
"197","33.67002868652344","33.67002868652344","33.67002868652344","65.45924377441406","65.45924377441406","65.45924377441406"
"198","29.727136611938477","29.727136611938477","29.727136611938477","81.03333282470703","81.03333282470703","81.03333282470703"
"199","28.39542007446289","28.39542007446289","28.39542007446289","98.09466552734375","98.09466552734375","98.09466552734375"
"200","31.48117446899414","31.48117446899414","31.48117446899414","86.0075912475586","86.0075912475586","86.0075912475586"
"201","40.994712829589844","40.994712829589844","40.994712829589844","87.85638427734375","87.85638427734375","87.85638427734375"
"202","34.1801872253418","34.1801872253418","34.1801872253418","94.73466491699219","94.73466491699219","94.73466491699219"
"203","52.86335372924805","52.86335372924805","52.86335372924805","77.57084655761719","77.57084655761719","77.57084655761719"
"204","54.22957229614258","54.22957229614258","54.22957229614258","76.93323516845703","76.93323516845703","76.93323516845703"
"205","28.434223175048828","28.434223175048828","28.434223175048828","70.17798614501953","70.17798614501953","70.17798614501953"
"206","48.62215805053711","48.62215805053711","48.62215805053711","74.59723663330078","74.59723663330078","74.59723663330078"
"207","42.187129974365234","42.187129974365234","42.187129974365234","67.47337341308594","67.47337341308594","67.47337341308594"
"208","28.17197608947754","28.17197608947754","28.17197608947754","71.29793548583984","71.29793548583984","71.29793548583984"
"209","39.422489166259766","39.422489166259766","39.422489166259766","67.77037048339844","67.77037048339844","67.77037048339844"
"210","39.74673843383789","39.74673843383789","39.74673843383789","62.025943756103516","62.025943756103516","62.025943756103516"
"211","47.54985427856445","47.54985427856445","47.54985427856445","80.85879516601562","80.85879516601562","80.85879516601562"
"212","36.96653366088867","36.96653366088867","36.96653366088867","55.500370025634766","55.500370025634766","55.500370025634766"
"213","47.43204879760742","47.43204879760742","47.43204879760742","55.29558181762695","55.29558181762695","55.29558181762695"
"214","37.1672477722168","37.1672477722168","37.1672477722168","50.11727523803711","50.11727523803711","50.11727523803711"
"215","42.482635498046875","42.482635498046875","42.482635498046875","45.66529846191406","45.66529846191406","45.66529846191406"
"216","34.19023895263672","34.19023895263672","34.19023895263672","50.57996368408203","50.57996368408203","50.57996368408203"
"217","24.484237670898438","24.484237670898438","24.484237670898438","46.676700592041016","46.676700592041016","46.676700592041016"
"218","40.59565353393555","40.59565353393555","40.59565353393555","64.28535461425781","64.28535461425781","64.28535461425781"
"219","40.53058624267578","40.53058624267578","40.53058624267578","61.66537094116211","61.66537094116211","61.66537094116211"
"220","48.734596252441406","48.734596252441406","48.734596252441406","57.04289627075195","57.04289627075195","57.04289627075195"
"221","43.77090835571289","43.77090835571289","43.77090835571289","45.2818717956543","45.2818717956543","45.2818717956543"
"222","35.5477409362793","35.5477409362793","35.5477409362793","45.748287200927734","45.748287200927734","45.748287200927734"
"223","21.164899826049805","21.164899826049805","21.164899826049805","54.789695739746094","54.789695739746094","54.789695739746094"
"224","46.73070526123047","46.73070526123047","46.73070526123047","54.62846374511719","54.62846374511719","54.62846374511719"
"225","36.14297866821289","36.14297866821289","36.14297866821289","32.80781936645508","32.80781936645508","32.80781936645508"
"226","41.761051177978516","41.761051177978516","41.761051177978516","36.43081283569336","36.43081283569336","36.43081283569336"
"227","38.047698974609375","38.047698974609375","38.047698974609375","57.10076141357422","57.10076141357422","57.10076141357422"
"228","34.3745231628418","34.3745231628418","34.3745231628418","38.26851272583008","38.26851272583008","38.26851272583008"
"229","31.535078048706055","31.535078048706055","31.535078048706055","51.36956024169922","51.36956024169922","51.36956024169922"
"230","37.02995681762695","37.02995681762695","37.02995681762695","43.89501953125","43.89501953125","43.89501953125"
"231","41.3991584777832","41.3991584777832","41.3991584777832","46.60649871826172","46.60649871826172","46.60649871826172"
"232","49.09193801879883","49.09193801879883","49.09193801879883","30.471065521240234","30.471065521240234","30.471065521240234"
"233","43.143287658691406","43.143287658691406","43.143287658691406","44.93557357788086","44.93557357788086","44.93557357788086"
"234","35.51774597167969","35.51774597167969","35.51774597167969","52.0909423828125","52.0909423828125","52.0909423828125"
"235","30.864383697509766","30.864383697509766","30.864383697509766","57.13421630859375","57.13421630859375","57.13421630859375"
"236","43.471134185791016","43.471134185791016","43.471134185791016","49.547969818115234","49.547969818115234","49.547969818115234"
"237","34.79210662841797","34.79210662841797","34.79210662841797","54.8428955078125","54.8428955078125","54.8428955078125"
"238","43.33270263671875","43.33270263671875","43.33270263671875","40.36775207519531","40.36775207519531","40.36775207519531"
"239","34.25908660888672","34.25908660888672","34.25908660888672","40.914730072021484","40.914730072021484","40.914730072021484"
"240","33.82655715942383","33.82655715942383","33.82655715942383","49.54640579223633","49.54640579223633","49.54640579223633"
"241","33.32109832763672","33.32109832763672","33.32109832763672","40.33631134033203","40.33631134033203","40.33631134033203"
"242","37.94206237792969","37.94206237792969","37.94206237792969","24.61359214782715","24.61359214782715","24.61359214782715"
"243","33.91021728515625","33.91021728515625","33.91021728515625","34.874900817871094","34.874900817871094","34.874900817871094"
"244","33.9745979309082","33.9745979309082","33.9745979309082","52.89980697631836","52.89980697631836","52.89980697631836"
"245","49.031455993652344","49.031455993652344","49.031455993652344","53.380859375","53.380859375","53.380859375"
"246","39.623504638671875","39.623504638671875","39.623504638671875","42.793251037597656","42.793251037597656","42.793251037597656"
"247","22.11029052734375","22.11029052734375","22.11029052734375","43.496002197265625","43.496002197265625","43.496002197265625"
"248","29.72086524963379","29.72086524963379","29.72086524963379","58.16471481323242","58.16471481323242","58.16471481323242"
"249","27.801572799682617","27.801572799682617","27.801572799682617","35.11057662963867","35.11057662963867","35.11057662963867"
"250","32.346614837646484","32.346614837646484","32.346614837646484","43.24977493286133","43.24977493286133","43.24977493286133"
"251","37.22737503051758","37.22737503051758","37.22737503051758","36.08293914794922","36.08293914794922","36.08293914794922"
"252","31.441692352294922","31.441692352294922","31.441692352294922","41.744022369384766","41.744022369384766","41.744022369384766"
"253","29.62990951538086","29.62990951538086","29.62990951538086","43.898468017578125","43.898468017578125","43.898468017578125"
"254","30.222761154174805","30.222761154174805","30.222761154174805","48.92607879638672","48.92607879638672","48.92607879638672"
"255","27.45822525024414","27.45822525024414","27.45822525024414","47.8663330078125","47.8663330078125","47.8663330078125"
"256","47.31315612792969","47.31315612792969","47.31315612792969","58.73586654663086","58.73586654663086","58.73586654663086"
"257","30.615604400634766","30.615604400634766","30.615604400634766","54.965877532958984","54.965877532958984","54.965877532958984"
"258","21.764007568359375","21.764007568359375","21.764007568359375","40.95058059692383","40.95058059692383","40.95058059692383"
"259","44.702877044677734","44.702877044677734","44.702877044677734","61.60182189941406","61.60182189941406","61.60182189941406"
"260","35.61531066894531","35.61531066894531","35.61531066894531","39.39572525024414","39.39572525024414","39.39572525024414"
"261","40.2258415222168","40.2258415222168","40.2258415222168","58.30592727661133","58.30592727661133","58.30592727661133"
"262","37.97381591796875","37.97381591796875","37.97381591796875","36.15659713745117","36.15659713745117","36.15659713745117"
"263","27.859973907470703","27.859973907470703","27.859973907470703","37.92314910888672","37.92314910888672","37.92314910888672"
"264","33.050106048583984","33.050106048583984","33.050106048583984","43.58501052856445","43.58501052856445","43.58501052856445"
"265","38.979087829589844","38.979087829589844","38.979087829589844","35.66018295288086","35.66018295288086","35.66018295288086"
"266","33.89786148071289","33.89786148071289","33.89786148071289","43.71886444091797","43.71886444091797","43.71886444091797"
"267","39.48683547973633","39.48683547973633","39.48683547973633","61.78512191772461","61.78512191772461","61.78512191772461"
"268","31.53579330444336","31.53579330444336","31.53579330444336","52.71026611328125","52.71026611328125","52.71026611328125"
"269","29.832603454589844","29.832603454589844","29.832603454589844","46.23004150390625","46.23004150390625","46.23004150390625"
"270","37.2950325012207","37.2950325012207","37.2950325012207","45.50871276855469","45.50871276855469","45.50871276855469"
"271","30.00881004333496","30.00881004333496","30.00881004333496","41.335601806640625","41.335601806640625","41.335601806640625"
"272","25.205873489379883","25.205873489379883","25.205873489379883","43.87662887573242","43.87662887573242","43.87662887573242"
"273","39.205047607421875","39.205047607421875","39.205047607421875","44.313453674316406","44.313453674316406","44.313453674316406"
"274","48.17644119262695","48.17644119262695","48.17644119262695","62.473228454589844","62.473228454589844","62.473228454589844"
"275","43.188472747802734","43.188472747802734","43.188472747802734","46.50419235229492","46.50419235229492","46.50419235229492"
"276","40.3602180480957","40.3602180480957","40.3602180480957","52.900123596191406","52.900123596191406","52.900123596191406"
"277","44.78181838989258","44.78181838989258","44.78181838989258","46.67525863647461","46.67525863647461","46.67525863647461"
"278","27.237098693847656","27.237098693847656","27.237098693847656","53.165374755859375","53.165374755859375","53.165374755859375"
"279","26.388612747192383","26.388612747192383","26.388612747192383","49.74763870239258","49.74763870239258","49.74763870239258"
"280","26.936765670776367","26.936765670776367","26.936765670776367","48.87807083129883","48.87807083129883","48.87807083129883"
"281","36.300289154052734","36.300289154052734","36.300289154052734","36.73591613769531","36.73591613769531","36.73591613769531"
"282","36.455902099609375","36.455902099609375","36.455902099609375","46.45490646362305","46.45490646362305","46.45490646362305"
"283","19.535829544067383","19.535829544067383","19.535829544067383","39.82842254638672","39.82842254638672","39.82842254638672"
"284","33.161582946777344","33.161582946777344","33.161582946777344","50.24075698852539","50.24075698852539","50.24075698852539"
"285","27.078765869140625","27.078765869140625","27.078765869140625","52.797786712646484","52.797786712646484","52.797786712646484"
"286","29.564847946166992","29.564847946166992","29.564847946166992","44.33507537841797","44.33507537841797","44.33507537841797"
"287","32.26677322387695","32.26677322387695","32.26677322387695","53.713191986083984","53.713191986083984","53.713191986083984"
"288","29.888681411743164","29.888681411743164","29.888681411743164","57.2107048034668","57.2107048034668","57.2107048034668"
"289","27.97796058654785","27.97796058654785","27.97796058654785","53.69258117675781","53.69258117675781","53.69258117675781"
"290","31.93601417541504","31.93601417541504","31.93601417541504","45.88969802856445","45.88969802856445","45.88969802856445"
"291","31.276254653930664","31.276254653930664","31.276254653930664","47.859222412109375","47.859222412109375","47.859222412109375"
"292","24.042682647705078","24.042682647705078","24.042682647705078","38.996360778808594","38.996360778808594","38.996360778808594"
"293","32.06937026977539","32.06937026977539","32.06937026977539","46.429473876953125","46.429473876953125","46.429473876953125"
"294","32.34966278076172","32.34966278076172","32.34966278076172","49.100860595703125","49.100860595703125","49.100860595703125"
"295","34.73875045776367","34.73875045776367","34.73875045776367","57.869415283203125","57.869415283203125","57.869415283203125"
"296","27.565906524658203","27.565906524658203","27.565906524658203","46.265350341796875","46.265350341796875","46.265350341796875"
"297","22.869678497314453","22.869678497314453","22.869678497314453","45.456729888916016","45.456729888916016","45.456729888916016"
"298","33.556026458740234","33.556026458740234","33.556026458740234","57.49699020385742","57.49699020385742","57.49699020385742"
"299","25.0709228515625","25.0709228515625","25.0709228515625","46.43584060668945","46.43584060668945","46.43584060668945"
"300","34.792724609375","34.792724609375","34.792724609375","54.03680419921875","54.03680419921875","54.03680419921875"
"301","13.118221282958984","13.118221282958984","13.118221282958984","44.3366584777832","44.3366584777832","44.3366584777832"
"302","30.19029426574707","30.19029426574707","30.19029426574707","52.304168701171875","52.304168701171875","52.304168701171875"
"303","30.642393112182617","30.642393112182617","30.642393112182617","55.17385482788086","55.17385482788086","55.17385482788086"
"304","40.63970947265625","40.63970947265625","40.63970947265625","50.33531188964844","50.33531188964844","50.33531188964844"
"305","20.297006607055664","20.297006607055664","20.297006607055664","51.632266998291016","51.632266998291016","51.632266998291016"
"306","24.69266128540039","24.69266128540039","24.69266128540039","56.646392822265625","56.646392822265625","56.646392822265625"
"307","31.665855407714844","31.665855407714844","31.665855407714844","59.45201873779297","59.45201873779297","59.45201873779297"
"308","36.84125900268555","36.84125900268555","36.84125900268555","52.789798736572266","52.789798736572266","52.789798736572266"
"309","36.45283126831055","36.45283126831055","36.45283126831055","42.361839294433594","42.361839294433594","42.361839294433594"
"310","26.898143768310547","26.898143768310547","26.898143768310547","64.02649688720703","64.02649688720703","64.02649688720703"
"311","21.978883743286133","21.978883743286133","21.978883743286133","56.420623779296875","56.420623779296875","56.420623779296875"
"312","24.302000045776367","24.302000045776367","24.302000045776367","56.04153060913086","56.04153060913086","56.04153060913086"
"313","27.313520431518555","27.313520431518555","27.313520431518555","63.24790954589844","63.24790954589844","63.24790954589844"
"314","29.81060218811035","29.81060218811035","29.81060218811035","51.60871505737305","51.60871505737305","51.60871505737305"
"315","25.144611358642578","25.144611358642578","25.144611358642578","51.62782287597656","51.62782287597656","51.62782287597656"
"316","28.128803253173828","28.128803253173828","28.128803253173828","56.79274368286133","56.79274368286133","56.79274368286133"
"317","27.392900466918945","27.392900466918945","27.392900466918945","51.122886657714844","51.122886657714844","51.122886657714844"
"318","20.03571128845215","20.03571128845215","20.03571128845215","58.500213623046875","58.500213623046875","58.500213623046875"
"319","36.447364807128906","36.447364807128906","36.447364807128906","55.79296112060547","55.79296112060547","55.79296112060547"
"320","25.841394424438477","25.841394424438477","25.841394424438477","52.20966720581055","52.20966720581055","52.20966720581055"
"321","18.20505714416504","18.20505714416504","18.20505714416504","53.02708435058594","53.02708435058594","53.02708435058594"
"322","25.369871139526367","25.369871139526367","25.369871139526367","39.45097351074219","39.45097351074219","39.45097351074219"
"323","19.000085830688477","19.000085830688477","19.000085830688477","43.95411682128906","43.95411682128906","43.95411682128906"
"324","35.25092315673828","35.25092315673828","35.25092315673828","45.921810150146484","45.921810150146484","45.921810150146484"
"325","17.377538681030273","17.377538681030273","17.377538681030273","61.75817108154297","61.75817108154297","61.75817108154297"
"326","41.110538482666016","41.110538482666016","41.110538482666016","54.07265090942383","54.07265090942383","54.07265090942383"
"327","29.456090927124023","29.456090927124023","29.456090927124023","60.05290603637695","60.05290603637695","60.05290603637695"
"328","33.24769592285156","33.24769592285156","33.24769592285156","56.32692337036133","56.32692337036133","56.32692337036133"
"329","27.468868255615234","27.468868255615234","27.468868255615234","53.01325607299805","53.01325607299805","53.01325607299805"
"330","28.91330909729004","28.91330909729004","28.91330909729004","59.92266082763672","59.92266082763672","59.92266082763672"
"331","33.0023193359375","33.0023193359375","33.0023193359375","62.870914459228516","62.870914459228516","62.870914459228516"
"332","28.17233657836914","28.17233657836914","28.17233657836914","50.742191314697266","50.742191314697266","50.742191314697266"
"333","12.422014236450195","12.422014236450195","12.422014236450195","53.14408874511719","53.14408874511719","53.14408874511719"
"334","21.27556800842285","21.27556800842285","21.27556800842285","50.41160583496094","50.41160583496094","50.41160583496094"
"335","38.437713623046875","38.437713623046875","38.437713623046875","54.10076904296875","54.10076904296875","54.10076904296875"
"336","23.531200408935547","23.531200408935547","23.531200408935547","58.140716552734375","58.140716552734375","58.140716552734375"
"337","14.299033164978027","14.299033164978027","14.299033164978027","63.7338981628418","63.7338981628418","63.7338981628418"
"338","27.7383975982666","27.7383975982666","27.7383975982666","68.24024200439453","68.24024200439453","68.24024200439453"
"339","33.08973693847656","33.08973693847656","33.08973693847656","45.220985412597656","45.220985412597656","45.220985412597656"
"340","20.350629806518555","20.350629806518555","20.350629806518555","49.0514030456543","49.0514030456543","49.0514030456543"
"341","31.542850494384766","31.542850494384766","31.542850494384766","49.98100280761719","49.98100280761719","49.98100280761719"
"342","27.10308837890625","27.10308837890625","27.10308837890625","52.02690505981445","52.02690505981445","52.02690505981445"
"343","22.73238754272461","22.73238754272461","22.73238754272461","54.50730895996094","54.50730895996094","54.50730895996094"
"344","23.41571617126465","23.41571617126465","23.41571617126465","46.205142974853516","46.205142974853516","46.205142974853516"
"345","24.597898483276367","24.597898483276367","24.597898483276367","57.08372116088867","57.08372116088867","57.08372116088867"
"346","29.90184211730957","29.90184211730957","29.90184211730957","55.65187072753906","55.65187072753906","55.65187072753906"
"347","17.679630279541016","17.679630279541016","17.679630279541016","55.63615417480469","55.63615417480469","55.63615417480469"
"348","16.106033325195312","16.106033325195312","16.106033325195312","60.63003158569336","60.63003158569336","60.63003158569336"
"349","21.65289878845215","21.65289878845215","21.65289878845215","56.84139633178711","56.84139633178711","56.84139633178711"
"350","24.254594802856445","24.254594802856445","24.254594802856445","62.62521743774414","62.62521743774414","62.62521743774414"
"351","21.568439483642578","21.568439483642578","21.568439483642578","67.40589141845703","67.40589141845703","67.40589141845703"
"352","18.107362747192383","18.107362747192383","18.107362747192383","57.261817932128906","57.261817932128906","57.261817932128906"
"353","27.115020751953125","27.115020751953125","27.115020751953125","52.033119201660156","52.033119201660156","52.033119201660156"
"354","20.88494110107422","20.88494110107422","20.88494110107422","62.9466438293457","62.9466438293457","62.9466438293457"
"355","23.28850746154785","23.28850746154785","23.28850746154785","63.648189544677734","63.648189544677734","63.648189544677734"
"356","31.47666358947754","31.47666358947754","31.47666358947754","55.46670150756836","55.46670150756836","55.46670150756836"
"357","25.291519165039062","25.291519165039062","25.291519165039062","62.74262619018555","62.74262619018555","62.74262619018555"
"358","26.837743759155273","26.837743759155273","26.837743759155273","54.572776794433594","54.572776794433594","54.572776794433594"
"359","26.594358444213867","26.594358444213867","26.594358444213867","59.221954345703125","59.221954345703125","59.221954345703125"
"360","31.65973663330078","31.65973663330078","31.65973663330078","50.955223083496094","50.955223083496094","50.955223083496094"
"361","24.55168914794922","24.55168914794922","24.55168914794922","61.42457580566406","61.42457580566406","61.42457580566406"
"362","22.54688835144043","22.54688835144043","22.54688835144043","62.22601318359375","62.22601318359375","62.22601318359375"
"363","22.300687789916992","22.300687789916992","22.300687789916992","72.42002868652344","72.42002868652344","72.42002868652344"
"364","24.96963119506836","24.96963119506836","24.96963119506836","57.716217041015625","57.716217041015625","57.716217041015625"
"365","21.246448516845703","21.246448516845703","21.246448516845703","55.64521408081055","55.64521408081055","55.64521408081055"
"366","26.26993751525879","26.26993751525879","26.26993751525879","56.60167694091797","56.60167694091797","56.60167694091797"
"367","28.00486946105957","28.00486946105957","28.00486946105957","51.872535705566406","51.872535705566406","51.872535705566406"
"368","24.3000545501709","24.3000545501709","24.3000545501709","49.963134765625","49.963134765625","49.963134765625"
"369","29.767351150512695","29.767351150512695","29.767351150512695","57.963294982910156","57.963294982910156","57.963294982910156"
"370","28.12131118774414","28.12131118774414","28.12131118774414","56.11952590942383","56.11952590942383","56.11952590942383"
"371","16.852291107177734","16.852291107177734","16.852291107177734","63.422218322753906","63.422218322753906","63.422218322753906"
"372","18.921953201293945","18.921953201293945","18.921953201293945","60.783203125","60.783203125","60.783203125"
"373","26.413084030151367","26.413084030151367","26.413084030151367","59.1256217956543","59.1256217956543","59.1256217956543"
"374","30.930002212524414","30.930002212524414","30.930002212524414","53.07128143310547","53.07128143310547","53.07128143310547"
"375","27.426809310913086","27.426809310913086","27.426809310913086","51.918182373046875","51.918182373046875","51.918182373046875"
"376","14.717347145080566","14.717347145080566","14.717347145080566","63.06725311279297","63.06725311279297","63.06725311279297"
"377","21.78671646118164","21.78671646118164","21.78671646118164","60.12090301513672","60.12090301513672","60.12090301513672"
"378","30.082277297973633","30.082277297973633","30.082277297973633","58.61771011352539","58.61771011352539","58.61771011352539"
"379","25.370792388916016","25.370792388916016","25.370792388916016","62.82692337036133","62.82692337036133","62.82692337036133"
"380","17.93199920654297","17.93199920654297","17.93199920654297","68.06888580322266","68.06888580322266","68.06888580322266"
"381","21.664852142333984","21.664852142333984","21.664852142333984","68.72918701171875","68.72918701171875","68.72918701171875"
"382","17.99138069152832","17.99138069152832","17.99138069152832","62.71891403198242","62.71891403198242","62.71891403198242"
"383","10.931625366210938","10.931625366210938","10.931625366210938","59.12297058105469","59.12297058105469","59.12297058105469"
"384","13.499805450439453","13.499805450439453","13.499805450439453","68.00914764404297","68.00914764404297","68.00914764404297"
"385","28.580585479736328","28.580585479736328","28.580585479736328","55.39788818359375","55.39788818359375","55.39788818359375"
"386","21.783227920532227","21.783227920532227","21.783227920532227","58.434749603271484","58.434749603271484","58.434749603271484"
"387","25.672622680664062","25.672622680664062","25.672622680664062","53.915321350097656","53.915321350097656","53.915321350097656"
"388","12.821746826171875","12.821746826171875","12.821746826171875","69.86750793457031","69.86750793457031","69.86750793457031"
"389","33.795188903808594","33.795188903808594","33.795188903808594","58.96967315673828","58.96967315673828","58.96967315673828"
"390","19.24400520324707","19.24400520324707","19.24400520324707","52.02684783935547","52.02684783935547","52.02684783935547"
"391","33.41017532348633","33.41017532348633","33.41017532348633","60.540401458740234","60.540401458740234","60.540401458740234"
"392","25.871854782104492","25.871854782104492","25.871854782104492","53.76700973510742","53.76700973510742","53.76700973510742"
"393","20.221559524536133","20.221559524536133","20.221559524536133","63.12481689453125","63.12481689453125","63.12481689453125"
"394","19.769765853881836","19.769765853881836","19.769765853881836","60.81032943725586","60.81032943725586","60.81032943725586"
"395","30.273170471191406","30.273170471191406","30.273170471191406","58.96334457397461","58.96334457397461","58.96334457397461"
"396","20.64185333251953","20.64185333251953","20.64185333251953","56.95198440551758","56.95198440551758","56.95198440551758"
"397","23.742572784423828","23.742572784423828","23.742572784423828","64.94528198242188","64.94528198242188","64.94528198242188"
"398","38.208763122558594","38.208763122558594","38.208763122558594","67.36257934570312","67.36257934570312","67.36257934570312"
"399","29.521133422851562","29.521133422851562","29.521133422851562","61.92898941040039","61.92898941040039","61.92898941040039"
"400","17.47715950012207","17.47715950012207","17.47715950012207","55.45936584472656","55.45936584472656","55.45936584472656"
"401","16.8560791015625","16.8560791015625","16.8560791015625","68.10588836669922","68.10588836669922","68.10588836669922"
"402","28.060293197631836","28.060293197631836","28.060293197631836","55.191497802734375","55.191497802734375","55.191497802734375"
"403","23.658166885375977","23.658166885375977","23.658166885375977","65.25247192382812","65.25247192382812","65.25247192382812"
"404","34.184547424316406","34.184547424316406","34.184547424316406","71.81184387207031","71.81184387207031","71.81184387207031"
"405","13.7731294631958","13.7731294631958","13.7731294631958","53.14516067504883","53.14516067504883","53.14516067504883"
"406","20.791561126708984","20.791561126708984","20.791561126708984","70.49993896484375","70.49993896484375","70.49993896484375"
"407","37.64214324951172","37.64214324951172","37.64214324951172","65.08261108398438","65.08261108398438","65.08261108398438"
"408","19.101646423339844","19.101646423339844","19.101646423339844","59.53101348876953","59.53101348876953","59.53101348876953"
"409","16.697551727294922","16.697551727294922","16.697551727294922","55.01625061035156","55.01625061035156","55.01625061035156"
"410","23.184972763061523","23.184972763061523","23.184972763061523","65.3354721069336","65.3354721069336","65.3354721069336"
"411","18.931777954101562","18.931777954101562","18.931777954101562","70.39368438720703","70.39368438720703","70.39368438720703"
"412","29.29958724975586","29.29958724975586","29.29958724975586","54.28863525390625","54.28863525390625","54.28863525390625"
"413","19.757476806640625","19.757476806640625","19.757476806640625","72.7278060913086","72.7278060913086","72.7278060913086"
"414","19.737754821777344","19.737754821777344","19.737754821777344","56.55072784423828","56.55072784423828","56.55072784423828"
"415","34.598716735839844","34.598716735839844","34.598716735839844","64.84494018554688","64.84494018554688","64.84494018554688"
"416","9.851359367370605","9.851359367370605","9.851359367370605","65.78984832763672","65.78984832763672","65.78984832763672"
"417","8.607891082763672","8.607891082763672","8.607891082763672","72.43376922607422","72.43376922607422","72.43376922607422"
"418","13.510987281799316","13.510987281799316","13.510987281799316","62.38538360595703","62.38538360595703","62.38538360595703"
"419","17.32130241394043","17.32130241394043","17.32130241394043","64.65556335449219","64.65556335449219","64.65556335449219"
"420","15.626380920410156","15.626380920410156","15.626380920410156","55.01213073730469","55.01213073730469","55.01213073730469"
"421","15.325783729553223","15.325783729553223","15.325783729553223","63.089229583740234","63.089229583740234","63.089229583740234"
"422","13.131661415100098","13.131661415100098","13.131661415100098","63.41146469116211","63.41146469116211","63.41146469116211"
"423","11.39402961730957","11.39402961730957","11.39402961730957","72.19602966308594","72.19602966308594","72.19602966308594"
"424","29.138721466064453","29.138721466064453","29.138721466064453","73.67628479003906","73.67628479003906","73.67628479003906"
"425","24.41777992248535","24.41777992248535","24.41777992248535","63.437137603759766","63.437137603759766","63.437137603759766"
"426","8.578407287597656","8.578407287597656","8.578407287597656","61.844486236572266","61.844486236572266","61.844486236572266"
"427","21.281150817871094","21.281150817871094","21.281150817871094","55.97613525390625","55.97613525390625","55.97613525390625"
"428","25.055204391479492","25.055204391479492","25.055204391479492","64.34292602539062","64.34292602539062","64.34292602539062"
"429","16.999523162841797","16.999523162841797","16.999523162841797","74.16602325439453","74.16602325439453","74.16602325439453"
"430","12.135193824768066","12.135193824768066","12.135193824768066","71.5290756225586","71.5290756225586","71.5290756225586"
"431","11.61242389678955","11.61242389678955","11.61242389678955","68.23622131347656","68.23622131347656","68.23622131347656"
"432","12.783699989318848","12.783699989318848","12.783699989318848","58.92397689819336","58.92397689819336","58.92397689819336"
"433","26.339052200317383","26.339052200317383","26.339052200317383","61.9160270690918","61.9160270690918","61.9160270690918"
"434","9.557690620422363","9.557690620422363","9.557690620422363","66.6618423461914","66.6618423461914","66.6618423461914"
"435","11.754122734069824","11.754122734069824","11.754122734069824","63.69877624511719","63.69877624511719","63.69877624511719"
"436","11.52280330657959","11.52280330657959","11.52280330657959","69.3357162475586","69.3357162475586","69.3357162475586"
"437","17.27665138244629","17.27665138244629","17.27665138244629","63.12031936645508","63.12031936645508","63.12031936645508"
"438","13.18877124786377","13.18877124786377","13.18877124786377","62.91728591918945","62.91728591918945","62.91728591918945"
"439","14.300315856933594","14.300315856933594","14.300315856933594","72.28085327148438","72.28085327148438","72.28085327148438"
"440","17.38066864013672","17.38066864013672","17.38066864013672","64.24635314941406","64.24635314941406","64.24635314941406"
"441","17.549829483032227","17.549829483032227","17.549829483032227","60.54507827758789","60.54507827758789","60.54507827758789"
"442","9.603279113769531","9.603279113769531","9.603279113769531","81.0903091430664","81.0903091430664","81.0903091430664"
"443","24.355085372924805","24.355085372924805","24.355085372924805","73.95172119140625","73.95172119140625","73.95172119140625"
"444","16.379804611206055","16.379804611206055","16.379804611206055","60.8547248840332","60.8547248840332","60.8547248840332"
"445","16.074031829833984","16.074031829833984","16.074031829833984","73.23566436767578","73.23566436767578","73.23566436767578"
"446","16.083555221557617","16.083555221557617","16.083555221557617","63.590476989746094","63.590476989746094","63.590476989746094"
"447","21.065195083618164","21.065195083618164","21.065195083618164","71.99848937988281","71.99848937988281","71.99848937988281"
"448","20.520076751708984","20.520076751708984","20.520076751708984","66.11351776123047","66.11351776123047","66.11351776123047"
"449","23.902132034301758","23.902132034301758","23.902132034301758","75.89305114746094","75.89305114746094","75.89305114746094"
"450","25.061798095703125","25.061798095703125","25.061798095703125","80.04863739013672","80.04863739013672","80.04863739013672"
"451","9.282845497131348","9.282845497131348","9.282845497131348","60.080265045166016","60.080265045166016","60.080265045166016"
"452","3.7534804344177246","3.7534804344177246","3.7534804344177246","60.08683395385742","60.08683395385742","60.08683395385742"
"453","9.187662124633789","9.187662124633789","9.187662124633789","76.14016723632812","76.14016723632812","76.14016723632812"
"454","15.666372299194336","15.666372299194336","15.666372299194336","64.48113250732422","64.48113250732422","64.48113250732422"
"455","18.36948585510254","18.36948585510254","18.36948585510254","69.02718353271484","69.02718353271484","69.02718353271484"
"456","7.7712860107421875","7.7712860107421875","7.7712860107421875","61.196414947509766","61.196414947509766","61.196414947509766"
"457","26.88848876953125","26.88848876953125","26.88848876953125","65.6643295288086","65.6643295288086","65.6643295288086"
"458","13.183187484741211","13.183187484741211","13.183187484741211","85.91311645507812","85.91311645507812","85.91311645507812"
"459","9.073192596435547","9.073192596435547","9.073192596435547","74.97567749023438","74.97567749023438","74.97567749023438"
"460","14.81273365020752","14.81273365020752","14.81273365020752","70.69508361816406","70.69508361816406","70.69508361816406"
"461","20.614131927490234","20.614131927490234","20.614131927490234","64.77351379394531","64.77351379394531","64.77351379394531"
"462","14.83808422088623","14.83808422088623","14.83808422088623","59.31927490234375","59.31927490234375","59.31927490234375"
"463","4.306921482086182","4.306921482086182","4.306921482086182","65.05819702148438","65.05819702148438","65.05819702148438"
"464","14.613408088684082","14.613408088684082","14.613408088684082","63.6890869140625","63.6890869140625","63.6890869140625"
"465","12.411246299743652","12.411246299743652","12.411246299743652","75.97346496582031","75.97346496582031","75.97346496582031"
"466","18.177902221679688","18.177902221679688","18.177902221679688","61.20955276489258","61.20955276489258","61.20955276489258"
"467","14.492167472839355","14.492167472839355","14.492167472839355","65.33294677734375","65.33294677734375","65.33294677734375"
"468","22.78689193725586","22.78689193725586","22.78689193725586","67.03517150878906","67.03517150878906","67.03517150878906"
"469","16.66458511352539","16.66458511352539","16.66458511352539","59.496246337890625","59.496246337890625","59.496246337890625"
"470","14.644917488098145","14.644917488098145","14.644917488098145","71.04582977294922","71.04582977294922","71.04582977294922"
"471","20.193819046020508","20.193819046020508","20.193819046020508","71.18004608154297","71.18004608154297","71.18004608154297"
"472","24.35580825805664","24.35580825805664","24.35580825805664","80.4266128540039","80.4266128540039","80.4266128540039"
"473","12.402851104736328","12.402851104736328","12.402851104736328","74.6695556640625","74.6695556640625","74.6695556640625"
"474","20.93153953552246","20.93153953552246","20.93153953552246","69.53013610839844","69.53013610839844","69.53013610839844"
"475","10.871110916137695","10.871110916137695","10.871110916137695","74.6057357788086","74.6057357788086","74.6057357788086"
"476","12.60146427154541","12.60146427154541","12.60146427154541","76.6799087524414","76.6799087524414","76.6799087524414"
"477","20.271493911743164","20.271493911743164","20.271493911743164","63.942047119140625","63.942047119140625","63.942047119140625"
"478","17.00321388244629","17.00321388244629","17.00321388244629","63.890037536621094","63.890037536621094","63.890037536621094"
"479","18.177953720092773","18.177953720092773","18.177953720092773","73.11892700195312","73.11892700195312","73.11892700195312"
"480","10.748946189880371","10.748946189880371","10.748946189880371","78.58426666259766","78.58426666259766","78.58426666259766"
"481","15.347258567810059","15.347258567810059","15.347258567810059","59.46647262573242","59.46647262573242","59.46647262573242"
"482","23.724010467529297","23.724010467529297","23.724010467529297","62.72755813598633","62.72755813598633","62.72755813598633"
"483","23.674787521362305","23.674787521362305","23.674787521362305","65.5704345703125","65.5704345703125","65.5704345703125"
"484","28.255460739135742","28.255460739135742","28.255460739135742","72.93407440185547","72.93407440185547","72.93407440185547"
"485","13.450959205627441","13.450959205627441","13.450959205627441","66.98568725585938","66.98568725585938","66.98568725585938"
"486","16.073719024658203","16.073719024658203","16.073719024658203","74.36039733886719","74.36039733886719","74.36039733886719"
"487","20.101388931274414","20.101388931274414","20.101388931274414","78.28309631347656","78.28309631347656","78.28309631347656"
"488","18.53169822692871","18.53169822692871","18.53169822692871","68.62279510498047","68.62279510498047","68.62279510498047"
"489","18.8868465423584","18.8868465423584","18.8868465423584","71.37922668457031","71.37922668457031","71.37922668457031"
"490","18.934938430786133","18.934938430786133","18.934938430786133","58.724586486816406","58.724586486816406","58.724586486816406"
"491","31.747325897216797","31.747325897216797","31.747325897216797","69.7272720336914","69.7272720336914","69.7272720336914"
"492","17.274412155151367","17.274412155151367","17.274412155151367","67.41450500488281","67.41450500488281","67.41450500488281"
"493","16.57288360595703","16.57288360595703","16.57288360595703","59.18436050415039","59.18436050415039","59.18436050415039"
"494","16.59380531311035","16.59380531311035","16.59380531311035","64.85210418701172","64.85210418701172","64.85210418701172"
"495","35.60882568359375","35.60882568359375","35.60882568359375","70.4317398071289","70.4317398071289","70.4317398071289"
"496","22.077945709228516","22.077945709228516","22.077945709228516","74.11872100830078","74.11872100830078","74.11872100830078"
"497","22.434757232666016","22.434757232666016","22.434757232666016","79.2984390258789","79.2984390258789","79.2984390258789"
"498","15.743117332458496","15.743117332458496","15.743117332458496","69.5509033203125","69.5509033203125","69.5509033203125"
"499","11.469979286193848","11.469979286193848","11.469979286193848","58.91769027709961","58.91769027709961","58.91769027709961"
"500","27.441265106201172","27.441265106201172","27.441265106201172","75.48258209228516","75.48258209228516","75.48258209228516"
"501","20.874317169189453","20.874317169189453","20.874317169189453","74.24552154541016","74.24552154541016","74.24552154541016"
"502","28.242889404296875","28.242889404296875","28.242889404296875","73.98222351074219","73.98222351074219","73.98222351074219"
"503","15.2258882522583","15.2258882522583","15.2258882522583","62.21421432495117","62.21421432495117","62.21421432495117"
"504","22.463632583618164","22.463632583618164","22.463632583618164","83.0685806274414","83.0685806274414","83.0685806274414"
"505","25.204771041870117","25.204771041870117","25.204771041870117","77.9491195678711","77.9491195678711","77.9491195678711"
"506","13.851851463317871","13.851851463317871","13.851851463317871","74.56575775146484","74.56575775146484","74.56575775146484"
"507","31.5467472076416","31.5467472076416","31.5467472076416","71.06512451171875","71.06512451171875","71.06512451171875"
"508","35.81538009643555","35.81538009643555","35.81538009643555","74.42755126953125","74.42755126953125","74.42755126953125"
"509","23.647598266601562","23.647598266601562","23.647598266601562","69.5598373413086","69.5598373413086","69.5598373413086"
"510","15.82058334350586","15.82058334350586","15.82058334350586","71.6017837524414","71.6017837524414","71.6017837524414"
"511","25.892581939697266","25.892581939697266","25.892581939697266","76.37850952148438","76.37850952148438","76.37850952148438"
"512","23.08401870727539","23.08401870727539","23.08401870727539","75.45121765136719","75.45121765136719","75.45121765136719"
"513","24.21820068359375","24.21820068359375","24.21820068359375","64.61273193359375","64.61273193359375","64.61273193359375"
"514","21.08139419555664","21.08139419555664","21.08139419555664","73.14353942871094","73.14353942871094","73.14353942871094"
"515","24.533597946166992","24.533597946166992","24.533597946166992","71.95783233642578","71.95783233642578","71.95783233642578"
"516","20.058942794799805","20.058942794799805","20.058942794799805","74.6854476928711","74.6854476928711","74.6854476928711"
"517","22.261688232421875","22.261688232421875","22.261688232421875","54.29288101196289","54.29288101196289","54.29288101196289"
"518","29.782602310180664","29.782602310180664","29.782602310180664","81.77662658691406","81.77662658691406","81.77662658691406"
"519","25.868619918823242","25.868619918823242","25.868619918823242","70.39384460449219","70.39384460449219","70.39384460449219"
"520","37.362281799316406","37.362281799316406","37.362281799316406","65.63214111328125","65.63214111328125","65.63214111328125"
"521","23.05169105529785","23.05169105529785","23.05169105529785","78.90727996826172","78.90727996826172","78.90727996826172"
"522","28.76651954650879","28.76651954650879","28.76651954650879","67.7765884399414","67.7765884399414","67.7765884399414"
"523","28.86855697631836","28.86855697631836","28.86855697631836","77.04833984375","77.04833984375","77.04833984375"
"524","26.677566528320312","26.677566528320312","26.677566528320312","70.5107421875","70.5107421875","70.5107421875"
"525","26.266942977905273","26.266942977905273","26.266942977905273","72.86322784423828","72.86322784423828","72.86322784423828"
"526","28.42020606994629","28.42020606994629","28.42020606994629","71.03517150878906","71.03517150878906","71.03517150878906"
"527","20.34666633605957","20.34666633605957","20.34666633605957","79.49296569824219","79.49296569824219","79.49296569824219"
"528","20.449193954467773","20.449193954467773","20.449193954467773","72.7078628540039","72.7078628540039","72.7078628540039"
"529","26.840534210205078","26.840534210205078","26.840534210205078","87.53073120117188","87.53073120117188","87.53073120117188"
"530","34.60604476928711","34.60604476928711","34.60604476928711","78.20235443115234","78.20235443115234","78.20235443115234"
"531","22.550386428833008","22.550386428833008","22.550386428833008","81.79951477050781","81.79951477050781","81.79951477050781"
"532","37.96488571166992","37.96488571166992","37.96488571166992","67.54737854003906","67.54737854003906","67.54737854003906"
"533","29.62537384033203","29.62537384033203","29.62537384033203","69.98638916015625","69.98638916015625","69.98638916015625"
"534","24.424957275390625","24.424957275390625","24.424957275390625","74.64673614501953","74.64673614501953","74.64673614501953"
"535","18.28887939453125","18.28887939453125","18.28887939453125","70.42231750488281","70.42231750488281","70.42231750488281"
"536","30.58158302307129","30.58158302307129","30.58158302307129","67.68184661865234","67.68184661865234","67.68184661865234"
"537","27.334352493286133","27.334352493286133","27.334352493286133","68.07017517089844","68.07017517089844","68.07017517089844"
"538","29.212078094482422","29.212078094482422","29.212078094482422","85.10609436035156","85.10609436035156","85.10609436035156"
"539","39.68019104003906","39.68019104003906","39.68019104003906","58.93141174316406","58.93141174316406","58.93141174316406"
"540","39.97224044799805","39.97224044799805","39.97224044799805","69.75704193115234","69.75704193115234","69.75704193115234"
"541","23.780902862548828","23.780902862548828","23.780902862548828","69.87515258789062","69.87515258789062","69.87515258789062"
"542","25.20044708251953","25.20044708251953","25.20044708251953","73.43389129638672","73.43389129638672","73.43389129638672"
"543","24.695104598999023","24.695104598999023","24.695104598999023","72.91686248779297","72.91686248779297","72.91686248779297"
"544","22.8803653717041","22.8803653717041","22.8803653717041","75.56838989257812","75.56838989257812","75.56838989257812"
"545","32.51646041870117","32.51646041870117","32.51646041870117","61.0249137878418","61.0249137878418","61.0249137878418"
"546","17.74082374572754","17.74082374572754","17.74082374572754","67.83384704589844","67.83384704589844","67.83384704589844"
"547","23.818553924560547","23.818553924560547","23.818553924560547","73.81665802001953","73.81665802001953","73.81665802001953"
"548","23.57984733581543","23.57984733581543","23.57984733581543","81.23065948486328","81.23065948486328","81.23065948486328"
"549","32.203521728515625","32.203521728515625","32.203521728515625","77.99405670166016","77.99405670166016","77.99405670166016"
"550","41.59727478027344","41.59727478027344","41.59727478027344","71.61146545410156","71.61146545410156","71.61146545410156"
"551","22.388877868652344","22.388877868652344","22.388877868652344","86.49761199951172","86.49761199951172","86.49761199951172"
"552","29.057519912719727","29.057519912719727","29.057519912719727","74.80081939697266","74.80081939697266","74.80081939697266"
"553","22.749731063842773","22.749731063842773","22.749731063842773","80.63772583007812","80.63772583007812","80.63772583007812"
"554","25.939638137817383","25.939638137817383","25.939638137817383","66.10842895507812","66.10842895507812","66.10842895507812"
"555","16.56987762451172","16.56987762451172","16.56987762451172","63.574493408203125","63.574493408203125","63.574493408203125"
"556","20.70332145690918","20.70332145690918","20.70332145690918","79.67668151855469","79.67668151855469","79.67668151855469"
"557","30.49177360534668","30.49177360534668","30.49177360534668","75.38288879394531","75.38288879394531","75.38288879394531"
"558","27.88943099975586","27.88943099975586","27.88943099975586","65.15302276611328","65.15302276611328","65.15302276611328"
"559","46.233428955078125","46.233428955078125","46.233428955078125","82.1017837524414","82.1017837524414","82.1017837524414"
"560","36.6656379699707","36.6656379699707","36.6656379699707","71.16576385498047","71.16576385498047","71.16576385498047"
"561","30.389957427978516","30.389957427978516","30.389957427978516","71.40386199951172","71.40386199951172","71.40386199951172"
"562","25.198423385620117","25.198423385620117","25.198423385620117","73.99375915527344","73.99375915527344","73.99375915527344"
"563","34.851192474365234","34.851192474365234","34.851192474365234","79.21064758300781","79.21064758300781","79.21064758300781"
"564","27.107221603393555","27.107221603393555","27.107221603393555","88.07271575927734","88.07271575927734","88.07271575927734"
"565","33.18292236328125","33.18292236328125","33.18292236328125","80.28660583496094","80.28660583496094","80.28660583496094"
"566","39.85893630981445","39.85893630981445","39.85893630981445","66.59798431396484","66.59798431396484","66.59798431396484"
"567","23.51102066040039","23.51102066040039","23.51102066040039","70.78369903564453","70.78369903564453","70.78369903564453"
"568","29.454816818237305","29.454816818237305","29.454816818237305","69.3554458618164","69.3554458618164","69.3554458618164"
"569","35.01603698730469","35.01603698730469","35.01603698730469","70.79348754882812","70.79348754882812","70.79348754882812"
"570","21.721582412719727","21.721582412719727","21.721582412719727","82.78870391845703","82.78870391845703","82.78870391845703"
"571","42.59116744995117","42.59116744995117","42.59116744995117","70.37992858886719","70.37992858886719","70.37992858886719"
"572","22.09105110168457","22.09105110168457","22.09105110168457","83.65272521972656","83.65272521972656","83.65272521972656"
"573","32.286590576171875","32.286590576171875","32.286590576171875","85.8572769165039","85.8572769165039","85.8572769165039"
"574","29.620105743408203","29.620105743408203","29.620105743408203","75.94780731201172","75.94780731201172","75.94780731201172"
"575","24.006786346435547","24.006786346435547","24.006786346435547","83.77704620361328","83.77704620361328","83.77704620361328"
"576","35.9186897277832","35.9186897277832","35.9186897277832","77.66265869140625","77.66265869140625","77.66265869140625"
"577","37.19351577758789","37.19351577758789","37.19351577758789","71.85226440429688","71.85226440429688","71.85226440429688"
"578","38.01708984375","38.01708984375","38.01708984375","83.8393783569336","83.8393783569336","83.8393783569336"
"579","25.270421981811523","25.270421981811523","25.270421981811523","75.93280029296875","75.93280029296875","75.93280029296875"
"580","35.65705490112305","35.65705490112305","35.65705490112305","82.29596710205078","82.29596710205078","82.29596710205078"
"581","23.683298110961914","23.683298110961914","23.683298110961914","81.09979248046875","81.09979248046875","81.09979248046875"
"582","42.59251022338867","42.59251022338867","42.59251022338867","76.74758911132812","76.74758911132812","76.74758911132812"
"583","29.020326614379883","29.020326614379883","29.020326614379883","74.92509460449219","74.92509460449219","74.92509460449219"
"584","33.43993377685547","33.43993377685547","33.43993377685547","77.44783782958984","77.44783782958984","77.44783782958984"
"585","37.18938064575195","37.18938064575195","37.18938064575195","77.04067993164062","77.04067993164062","77.04067993164062"
"586","27.424110412597656","27.424110412597656","27.424110412597656","79.97659301757812","79.97659301757812","79.97659301757812"
"587","29.527406692504883","29.527406692504883","29.527406692504883","72.48185729980469","72.48185729980469","72.48185729980469"
"588","38.8889045715332","38.8889045715332","38.8889045715332","65.87468719482422","65.87468719482422","65.87468719482422"
"589","35.974430084228516","35.974430084228516","35.974430084228516","70.28402709960938","70.28402709960938","70.28402709960938"
"590","23.8311767578125","23.8311767578125","23.8311767578125","75.19222259521484","75.19222259521484","75.19222259521484"
"591","40.859615325927734","40.859615325927734","40.859615325927734","76.14471435546875","76.14471435546875","76.14471435546875"
"592","22.87834930419922","22.87834930419922","22.87834930419922","72.46576690673828","72.46576690673828","72.46576690673828"
"593","42.279937744140625","42.279937744140625","42.279937744140625","75.64393615722656","75.64393615722656","75.64393615722656"
"594","39.66422653198242","39.66422653198242","39.66422653198242","75.60694122314453","75.60694122314453","75.60694122314453"
"595","33.13987350463867","33.13987350463867","33.13987350463867","81.8759536743164","81.8759536743164","81.8759536743164"
"596","21.72816276550293","21.72816276550293","21.72816276550293","81.40379333496094","81.40379333496094","81.40379333496094"
"597","32.492774963378906","32.492774963378906","32.492774963378906","68.50337982177734","68.50337982177734","68.50337982177734"
"598","28.76885414123535","28.76885414123535","28.76885414123535","81.2197494506836","81.2197494506836","81.2197494506836"
"599","33.977317810058594","33.977317810058594","33.977317810058594","79.30604553222656","79.30604553222656","79.30604553222656"
"600","31.440338134765625","31.440338134765625","31.440338134765625","77.8030014038086","77.8030014038086","77.8030014038086"
"601","30.55670928955078","30.55670928955078","30.55670928955078","85.35707092285156","85.35707092285156","85.35707092285156"
"602","27.927209854125977","27.927209854125977","27.927209854125977","76.49728393554688","76.49728393554688","76.49728393554688"
"603","33.248897552490234","33.248897552490234","33.248897552490234","78.36176300048828","78.36176300048828","78.36176300048828"
"604","38.56320571899414","38.56320571899414","38.56320571899414","79.43417358398438","79.43417358398438","79.43417358398438"
"605","27.500951766967773","27.500951766967773","27.500951766967773","75.52828216552734","75.52828216552734","75.52828216552734"
"606","36.6059684753418","36.6059684753418","36.6059684753418","75.05097198486328","75.05097198486328","75.05097198486328"
"607","33.2435302734375","33.2435302734375","33.2435302734375","76.91907501220703","76.91907501220703","76.91907501220703"
"608","39.860107421875","39.860107421875","39.860107421875","80.48651123046875","80.48651123046875","80.48651123046875"
"609","28.56194305419922","28.56194305419922","28.56194305419922","91.99528503417969","91.99528503417969","91.99528503417969"
"610","34.08540725708008","34.08540725708008","34.08540725708008","68.7322006225586","68.7322006225586","68.7322006225586"
"611","43.40187454223633","43.40187454223633","43.40187454223633","80.18338012695312","80.18338012695312","80.18338012695312"
"612","33.06197738647461","33.06197738647461","33.06197738647461","85.2027359008789","85.2027359008789","85.2027359008789"
"613","37.01282501220703","37.01282501220703","37.01282501220703","79.83466339111328","79.83466339111328","79.83466339111328"
"614","27.049440383911133","27.049440383911133","27.049440383911133","72.8986587524414","72.8986587524414","72.8986587524414"
"615","40.83425521850586","40.83425521850586","40.83425521850586","76.35257720947266","76.35257720947266","76.35257720947266"
"616","29.084598541259766","29.084598541259766","29.084598541259766","89.3841552734375","89.3841552734375","89.3841552734375"
"617","32.71595001220703","32.71595001220703","32.71595001220703","79.26535034179688","79.26535034179688","79.26535034179688"
"618","44.52851486206055","44.52851486206055","44.52851486206055","76.8600082397461","76.8600082397461","76.8600082397461"
"619","40.211219787597656","40.211219787597656","40.211219787597656","75.66809844970703","75.66809844970703","75.66809844970703"
"620","42.72712326049805","42.72712326049805","42.72712326049805","82.95751190185547","82.95751190185547","82.95751190185547"
"621","40.696414947509766","40.696414947509766","40.696414947509766","84.09960174560547","84.09960174560547","84.09960174560547"
"622","36.64512252807617","36.64512252807617","36.64512252807617","71.84318542480469","71.84318542480469","71.84318542480469"
"623","43.30825424194336","43.30825424194336","43.30825424194336","78.97191619873047","78.97191619873047","78.97191619873047"
"624","47.3320198059082","47.3320198059082","47.3320198059082","72.80237579345703","72.80237579345703","72.80237579345703"
"625","35.71559524536133","35.71559524536133","35.71559524536133","80.26862335205078","80.26862335205078","80.26862335205078"
"626","29.001977920532227","29.001977920532227","29.001977920532227","74.76144409179688","74.76144409179688","74.76144409179688"
"627","40.28145980834961","40.28145980834961","40.28145980834961","82.9285659790039","82.9285659790039","82.9285659790039"
"628","36.101078033447266","36.101078033447266","36.101078033447266","78.3955307006836","78.3955307006836","78.3955307006836"
"629","34.999794006347656","34.999794006347656","34.999794006347656","73.01850891113281","73.01850891113281","73.01850891113281"
"630","25.996231079101562","25.996231079101562","25.996231079101562","71.92805480957031","71.92805480957031","71.92805480957031"
"631","27.66588020324707","27.66588020324707","27.66588020324707","75.5224838256836","75.5224838256836","75.5224838256836"
"632","42.018959045410156","42.018959045410156","42.018959045410156","93.65660095214844","93.65660095214844","93.65660095214844"
"633","52.16025161743164","52.16025161743164","52.16025161743164","78.82928466796875","78.82928466796875","78.82928466796875"
"634","35.74612045288086","35.74612045288086","35.74612045288086","83.71372985839844","83.71372985839844","83.71372985839844"
"635","41.27145004272461","41.27145004272461","41.27145004272461","72.92374420166016","72.92374420166016","72.92374420166016"
"636","31.960269927978516","31.960269927978516","31.960269927978516","73.01993560791016","73.01993560791016","73.01993560791016"
"637","37.11710739135742","37.11710739135742","37.11710739135742","66.16399383544922","66.16399383544922","66.16399383544922"
"638","28.392833709716797","28.392833709716797","28.392833709716797","78.45960998535156","78.45960998535156","78.45960998535156"
"639","43.59670639038086","43.59670639038086","43.59670639038086","73.14524841308594","73.14524841308594","73.14524841308594"
"640","30.20475196838379","30.20475196838379","30.20475196838379","83.17841339111328","83.17841339111328","83.17841339111328"
"641","37.27122116088867","37.27122116088867","37.27122116088867","80.03510284423828","80.03510284423828","80.03510284423828"
"642","41.63471603393555","41.63471603393555","41.63471603393555","88.19821166992188","88.19821166992188","88.19821166992188"
"643","32.50435256958008","32.50435256958008","32.50435256958008","82.12434387207031","82.12434387207031","82.12434387207031"
"644","44.40545654296875","44.40545654296875","44.40545654296875","77.70530700683594","77.70530700683594","77.70530700683594"
"645","37.77611541748047","37.77611541748047","37.77611541748047","77.96836853027344","77.96836853027344","77.96836853027344"
"646","34.46079635620117","34.46079635620117","34.46079635620117","79.3811264038086","79.3811264038086","79.3811264038086"
"647","37.218406677246094","37.218406677246094","37.218406677246094","78.1652603149414","78.1652603149414","78.1652603149414"
"648","30.608129501342773","30.608129501342773","30.608129501342773","84.38798522949219","84.38798522949219","84.38798522949219"
"649","39.05937957763672","39.05937957763672","39.05937957763672","74.3459701538086","74.3459701538086","74.3459701538086"
"650","36.51968765258789","36.51968765258789","36.51968765258789","85.68848419189453","85.68848419189453","85.68848419189453"
"651","40.33654022216797","40.33654022216797","40.33654022216797","86.32569122314453","86.32569122314453","86.32569122314453"
"652","28.68282127380371","28.68282127380371","28.68282127380371","89.1489486694336","89.1489486694336","89.1489486694336"
"653","50.11210250854492","50.11210250854492","50.11210250854492","79.2063980102539","79.2063980102539","79.2063980102539"
"654","36.66120910644531","36.66120910644531","36.66120910644531","78.85987091064453","78.85987091064453","78.85987091064453"
"655","39.04981994628906","39.04981994628906","39.04981994628906","87.30259704589844","87.30259704589844","87.30259704589844"
"656","49.876922607421875","49.876922607421875","49.876922607421875","78.6387939453125","78.6387939453125","78.6387939453125"
"657","41.58134460449219","41.58134460449219","41.58134460449219","82.14838409423828","82.14838409423828","82.14838409423828"
"658","33.160797119140625","33.160797119140625","33.160797119140625","78.47103118896484","78.47103118896484","78.47103118896484"
"659","39.99355697631836","39.99355697631836","39.99355697631836","79.62069702148438","79.62069702148438","79.62069702148438"
"660","55.39574432373047","55.39574432373047","55.39574432373047","63.86521530151367","63.86521530151367","63.86521530151367"
"661","29.58086395263672","29.58086395263672","29.58086395263672","84.2118148803711","84.2118148803711","84.2118148803711"
"662","34.25083541870117","34.25083541870117","34.25083541870117","77.97128295898438","77.97128295898438","77.97128295898438"
"663","40.25656509399414","40.25656509399414","40.25656509399414","78.59728240966797","78.59728240966797","78.59728240966797"
"664","44.36662292480469","44.36662292480469","44.36662292480469","83.99198150634766","83.99198150634766","83.99198150634766"
"665","33.937232971191406","33.937232971191406","33.937232971191406","88.5303955078125","88.5303955078125","88.5303955078125"
"666","30.702638626098633","30.702638626098633","30.702638626098633","78.72139739990234","78.72139739990234","78.72139739990234"
"667","33.543243408203125","33.543243408203125","33.543243408203125","84.82713317871094","84.82713317871094","84.82713317871094"
"668","40.53883361816406","40.53883361816406","40.53883361816406","81.92607879638672","81.92607879638672","81.92607879638672"
"669","33.74258804321289","33.74258804321289","33.74258804321289","76.33428192138672","76.33428192138672","76.33428192138672"
"670","28.983200073242188","28.983200073242188","28.983200073242188","79.82968139648438","79.82968139648438","79.82968139648438"
"671","46.38352966308594","46.38352966308594","46.38352966308594","84.01683807373047","84.01683807373047","84.01683807373047"
"672","45.14350128173828","45.14350128173828","45.14350128173828","91.31834411621094","91.31834411621094","91.31834411621094"
"673","35.988983154296875","35.988983154296875","35.988983154296875","76.86441040039062","76.86441040039062","76.86441040039062"
"674","16.933862686157227","16.933862686157227","16.933862686157227","79.07589721679688","79.07589721679688","79.07589721679688"
"675","44.149192810058594","44.149192810058594","44.149192810058594","76.70516204833984","76.70516204833984","76.70516204833984"
"676","48.92213821411133","48.92213821411133","48.92213821411133","86.84341430664062","86.84341430664062","86.84341430664062"
"677","52.54948806762695","52.54948806762695","52.54948806762695","88.09176635742188","88.09176635742188","88.09176635742188"
"678","36.61763381958008","36.61763381958008","36.61763381958008","84.71044921875","84.71044921875","84.71044921875"
"679","43.12139892578125","43.12139892578125","43.12139892578125","80.98100280761719","80.98100280761719","80.98100280761719"
"680","30.130619049072266","30.130619049072266","30.130619049072266","84.99214172363281","84.99214172363281","84.99214172363281"
"681","33.28879928588867","33.28879928588867","33.28879928588867","83.76182556152344","83.76182556152344","83.76182556152344"
"682","39.718360900878906","39.718360900878906","39.718360900878906","75.7497329711914","75.7497329711914","75.7497329711914"
"683","22.675758361816406","22.675758361816406","22.675758361816406","74.2973861694336","74.2973861694336","74.2973861694336"
"684","38.394927978515625","38.394927978515625","38.394927978515625","84.5676498413086","84.5676498413086","84.5676498413086"
"685","37.489295959472656","37.489295959472656","37.489295959472656","69.6095199584961","69.6095199584961","69.6095199584961"
"686","48.935123443603516","48.935123443603516","48.935123443603516","66.5016098022461","66.5016098022461","66.5016098022461"
"687","30.786781311035156","30.786781311035156","30.786781311035156","76.07177734375","76.07177734375","76.07177734375"
"688","24.061452865600586","24.061452865600586","24.061452865600586","84.93489837646484","84.93489837646484","84.93489837646484"
"689","28.056875228881836","28.056875228881836","28.056875228881836","83.81901550292969","83.81901550292969","83.81901550292969"
"690","41.65724182128906","41.65724182128906","41.65724182128906","84.27288818359375","84.27288818359375","84.27288818359375"
"691","40.927310943603516","40.927310943603516","40.927310943603516","88.45254516601562","88.45254516601562","88.45254516601562"
"692","36.23643112182617","36.23643112182617","36.23643112182617","76.26590728759766","76.26590728759766","76.26590728759766"
"693","44.12185287475586","44.12185287475586","44.12185287475586","86.14019775390625","86.14019775390625","86.14019775390625"
"694","40.639591217041016","40.639591217041016","40.639591217041016","77.89479064941406","77.89479064941406","77.89479064941406"
"695","34.90492630004883","34.90492630004883","34.90492630004883","79.97872924804688","79.97872924804688","79.97872924804688"
"696","44.45893096923828","44.45893096923828","44.45893096923828","81.22847747802734","81.22847747802734","81.22847747802734"
"697","54.51173400878906","54.51173400878906","54.51173400878906","79.72992706298828","79.72992706298828","79.72992706298828"
"698","35.485008239746094","35.485008239746094","35.485008239746094","79.77667999267578","79.77667999267578","79.77667999267578"
"699","58.08481216430664","58.08481216430664","58.08481216430664","83.04277801513672","83.04277801513672","83.04277801513672"
"700","49.41016387939453","49.41016387939453","49.41016387939453","86.90872192382812","86.90872192382812","86.90872192382812"
"701","60.95000076293945","60.95000076293945","60.95000076293945","80.88375854492188","80.88375854492188","80.88375854492188"
"702","52.56570053100586","52.56570053100586","52.56570053100586","76.9371109008789","76.9371109008789","76.9371109008789"
"703","47.38059616088867","47.38059616088867","47.38059616088867","88.7698974609375","88.7698974609375","88.7698974609375"
"704","20.9964656829834","20.9964656829834","20.9964656829834","83.96636962890625","83.96636962890625","83.96636962890625"
"705","40.4744873046875","40.4744873046875","40.4744873046875","84.57344055175781","84.57344055175781","84.57344055175781"
"706","41.14326477050781","41.14326477050781","41.14326477050781","78.12655639648438","78.12655639648438","78.12655639648438"
"707","35.86958312988281","35.86958312988281","35.86958312988281","86.44420623779297","86.44420623779297","86.44420623779297"
"708","22.641164779663086","22.641164779663086","22.641164779663086","80.15312957763672","80.15312957763672","80.15312957763672"
"709","39.31162643432617","39.31162643432617","39.31162643432617","78.21011352539062","78.21011352539062","78.21011352539062"
"710","22.28072738647461","22.28072738647461","22.28072738647461","84.39542388916016","84.39542388916016","84.39542388916016"
"711","49.94502258300781","49.94502258300781","49.94502258300781","87.8701171875","87.8701171875","87.8701171875"
"712","38.948055267333984","38.948055267333984","38.948055267333984","91.81297302246094","91.81297302246094","91.81297302246094"
"713","59.03681945800781","59.03681945800781","59.03681945800781","93.10087585449219","93.10087585449219","93.10087585449219"
"714","26.587024688720703","26.587024688720703","26.587024688720703","93.92596435546875","93.92596435546875","93.92596435546875"
"715","38.09102249145508","38.09102249145508","38.09102249145508","80.5844497680664","80.5844497680664","80.5844497680664"
"716","48.30417251586914","48.30417251586914","48.30417251586914","77.6531753540039","77.6531753540039","77.6531753540039"
"717","32.636680603027344","32.636680603027344","32.636680603027344","78.7196044921875","78.7196044921875","78.7196044921875"
"718","47.316036224365234","47.316036224365234","47.316036224365234","94.21319580078125","94.21319580078125","94.21319580078125"
"719","30.85970115661621","30.85970115661621","30.85970115661621","86.2529296875","86.2529296875","86.2529296875"
"720","40.677730560302734","40.677730560302734","40.677730560302734","82.34307861328125","82.34307861328125","82.34307861328125"
"721","25.075237274169922","25.075237274169922","25.075237274169922","82.65430450439453","82.65430450439453","82.65430450439453"
"722","54.440704345703125","54.440704345703125","54.440704345703125","76.43876647949219","76.43876647949219","76.43876647949219"
"723","32.29114532470703","32.29114532470703","32.29114532470703","83.44620513916016","83.44620513916016","83.44620513916016"
"724","56.10367965698242","56.10367965698242","56.10367965698242","88.45063781738281","88.45063781738281","88.45063781738281"
"725","40.912254333496094","40.912254333496094","40.912254333496094","85.9315185546875","85.9315185546875","85.9315185546875"
"726","37.205020904541016","37.205020904541016","37.205020904541016","75.13294219970703","75.13294219970703","75.13294219970703"
"727","49.02391052246094","49.02391052246094","49.02391052246094","89.20205688476562","89.20205688476562","89.20205688476562"
"728","38.028778076171875","38.028778076171875","38.028778076171875","71.17459106445312","71.17459106445312","71.17459106445312"
"729","60.31077575683594","60.31077575683594","60.31077575683594","81.3373794555664","81.3373794555664","81.3373794555664"
"730","37.83768844604492","37.83768844604492","37.83768844604492","85.24337005615234","85.24337005615234","85.24337005615234"
"731","49.593902587890625","49.593902587890625","49.593902587890625","83.8509292602539","83.8509292602539","83.8509292602539"
"732","44.7928466796875","44.7928466796875","44.7928466796875","79.07426452636719","79.07426452636719","79.07426452636719"
"733","32.28382873535156","32.28382873535156","32.28382873535156","84.4762191772461","84.4762191772461","84.4762191772461"
"734","30.439577102661133","30.439577102661133","30.439577102661133","79.66426849365234","79.66426849365234","79.66426849365234"
"735","48.29961013793945","48.29961013793945","48.29961013793945","87.54212951660156","87.54212951660156","87.54212951660156"
"736","46.25825119018555","46.25825119018555","46.25825119018555","93.45362854003906","93.45362854003906","93.45362854003906"
"737","48.23234176635742","48.23234176635742","48.23234176635742","79.9808349609375","79.9808349609375","79.9808349609375"
"738","39.258819580078125","39.258819580078125","39.258819580078125","80.68089294433594","80.68089294433594","80.68089294433594"
"739","34.027313232421875","34.027313232421875","34.027313232421875","79.58699798583984","79.58699798583984","79.58699798583984"
"740","40.456241607666016","40.456241607666016","40.456241607666016","77.48753356933594","77.48753356933594","77.48753356933594"
"741","43.20746994018555","43.20746994018555","43.20746994018555","90.23635864257812","90.23635864257812","90.23635864257812"
"742","36.69948959350586","36.69948959350586","36.69948959350586","90.68660736083984","90.68660736083984","90.68660736083984"
"743","37.269771575927734","37.269771575927734","37.269771575927734","90.46102142333984","90.46102142333984","90.46102142333984"
"744","34.86820983886719","34.86820983886719","34.86820983886719","82.19054412841797","82.19054412841797","82.19054412841797"
"745","47.12900924682617","47.12900924682617","47.12900924682617","83.54351806640625","83.54351806640625","83.54351806640625"
"746","49.157737731933594","49.157737731933594","49.157737731933594","80.65521240234375","80.65521240234375","80.65521240234375"
"747","42.82076644897461","42.82076644897461","42.82076644897461","80.58231353759766","80.58231353759766","80.58231353759766"
"748","35.910888671875","35.910888671875","35.910888671875","80.4794692993164","80.4794692993164","80.4794692993164"
"750","29.929218292236328","29.929218292236328","29.929218292236328","88.81147766113281","88.81147766113281","88.81147766113281"