"Step","With Off-Edge Reset - rollout/ep_rew_mean","With Off-Edge Reset - rollout/ep_rew_mean__MIN","With Off-Edge Reset - rollout/ep_rew_mean__MAX","Without Off-Edge Reset - rollout/ep_rew_mean","Without Off-Edge Reset - rollout/ep_rew_mean__MIN","Without Off-Edge Reset - rollout/ep_rew_mean__MAX"
"3","24.470144271850586","24.470144271850586","24.470144271850586","15.086570739746094","15.086570739746094","15.086570739746094"
"4","24.470144271850586","24.470144271850586","24.470144271850586","15.086570739746094","15.086570739746094","15.086570739746094"
"5","24.470144271850586","24.470144271850586","24.470144271850586","15.086570739746094","15.086570739746094","15.086570739746094"
"6","24.470144271850586","24.470144271850586","24.470144271850586","15.086570739746094","15.086570739746094","15.086570739746094"
"7","25.10538673400879","25.10538673400879","25.10538673400879","15.987873077392578","15.987873077392578","15.987873077392578"
"8","25.10538673400879","25.10538673400879","25.10538673400879","15.987873077392578","15.987873077392578","15.987873077392578"
"9","25.10538673400879","25.10538673400879","25.10538673400879","15.987873077392578","15.987873077392578","15.987873077392578"
"10","25.10538673400879","25.10538673400879","25.10538673400879","15.987873077392578","15.987873077392578","15.987873077392578"
"11","26.328163146972656","26.328163146972656","26.328163146972656","17.58193588256836","17.58193588256836","17.58193588256836"
"12","26.328163146972656","26.328163146972656","26.328163146972656","17.58193588256836","17.58193588256836","17.58193588256836"
"13","26.328163146972656","26.328163146972656","26.328163146972656","17.58193588256836","17.58193588256836","17.58193588256836"
"14","25.613452911376953","25.613452911376953","25.613452911376953","17.134138107299805","17.134138107299805","17.134138107299805"
"15","34.21628189086914","34.21628189086914","34.21628189086914","23.07357406616211","23.07357406616211","23.07357406616211"
"16","34.21628189086914","34.21628189086914","34.21628189086914","23.07357406616211","23.07357406616211","23.07357406616211"
"17","33.84944152832031","33.84944152832031","33.84944152832031","23.07357406616211","23.07357406616211","23.07357406616211"
"18","33.46656036376953","33.46656036376953","33.46656036376953","22.177719116210938","22.177719116210938","22.177719116210938"
"19","49.2359733581543","49.2359733581543","49.2359733581543","28.694385528564453","28.694385528564453","28.694385528564453"
"20","49.2359733581543","49.2359733581543","49.2359733581543","28.694385528564453","28.694385528564453","28.694385528564453"
"21","49.597267150878906","49.597267150878906","49.597267150878906","28.36895751953125","28.36895751953125","28.36895751953125"
"22","88.55958557128906","88.55958557128906","88.55958557128906","40.84510803222656","40.84510803222656","40.84510803222656"
"23","48.71373748779297","48.71373748779297","48.71373748779297","23.31952476501465","23.31952476501465","23.31952476501465"
"24","48.214447021484375","48.214447021484375","48.214447021484375","24.834270477294922","24.834270477294922","24.834270477294922"
"25","71.84427642822266","71.84427642822266","71.84427642822266","42.26499557495117","42.26499557495117","42.26499557495117"
"26","58.77497482299805","58.77497482299805","58.77497482299805","24.43842887878418","24.43842887878418","24.43842887878418"
"27","20.341785430908203","20.341785430908203","20.341785430908203","9.028104782104492","9.028104782104492","9.028104782104492"
"28","45.5795783996582","45.5795783996582","45.5795783996582","15.225471496582031","15.225471496582031","15.225471496582031"
"29","72.99696350097656","72.99696350097656","72.99696350097656","31.103445053100586","31.103445053100586","31.103445053100586"
"30","36.27544403076172","36.27544403076172","36.27544403076172","19.230636596679688","19.230636596679688","19.230636596679688"
"31","42.71562957763672","42.71562957763672","42.71562957763672","15.751059532165527","15.751059532165527","15.751059532165527"
"32","68.09325408935547","68.09325408935547","68.09325408935547","29.92315673828125","29.92315673828125","29.92315673828125"
"33","57.38088607788086","57.38088607788086","57.38088607788086","28.20695686340332","28.20695686340332","28.20695686340332"
"34","32.0274772644043","32.0274772644043","32.0274772644043","20.558462142944336","20.558462142944336","20.558462142944336"
"35","43.16242599487305","43.16242599487305","43.16242599487305","21.18131446838379","21.18131446838379","21.18131446838379"
"36","55.92220687866211","55.92220687866211","55.92220687866211","32.23487854003906","32.23487854003906","32.23487854003906"
"37","56.8338737487793","56.8338737487793","56.8338737487793","24.13616943359375","24.13616943359375","24.13616943359375"
"38","34.387001037597656","34.387001037597656","34.387001037597656","14.394111633300781","14.394111633300781","14.394111633300781"
"39","66.17961883544922","66.17961883544922","66.17961883544922","25.423908233642578","25.423908233642578","25.423908233642578"
"40","52.044376373291016","52.044376373291016","52.044376373291016","27.61050796508789","27.61050796508789","27.61050796508789"
"41","42.463199615478516","42.463199615478516","42.463199615478516","22.615398406982422","22.615398406982422","22.615398406982422"
"42","22.997678756713867","22.997678756713867","22.997678756713867","17.347116470336914","17.347116470336914","17.347116470336914"
"43","27.614398956298828","27.614398956298828","27.614398956298828","30.347524642944336","30.347524642944336","30.347524642944336"
"44","40.499019622802734","40.499019622802734","40.499019622802734","24.663427352905273","24.663427352905273","24.663427352905273"
"45","27.649799346923828","27.649799346923828","27.649799346923828","18.24534034729004","18.24534034729004","18.24534034729004"
"46","43.461021423339844","43.461021423339844","43.461021423339844","12.140311241149902","12.140311241149902","12.140311241149902"
"47","31.883995056152344","31.883995056152344","31.883995056152344","25.847591400146484","25.847591400146484","25.847591400146484"
"48","35.43535232543945","35.43535232543945","35.43535232543945","23.10304069519043","23.10304069519043","23.10304069519043"
"49","37.6123046875","37.6123046875","37.6123046875","23.790882110595703","23.790882110595703","23.790882110595703"
"50","43.33869934082031","43.33869934082031","43.33869934082031","26.03215980529785","26.03215980529785","26.03215980529785"
"51","52.51564407348633","52.51564407348633","52.51564407348633","21.278249740600586","21.278249740600586","21.278249740600586"
"52","35.49053192138672","35.49053192138672","35.49053192138672","16.720766067504883","16.720766067504883","16.720766067504883"
"53","37.65227127075195","37.65227127075195","37.65227127075195","16.445701599121094","16.445701599121094","16.445701599121094"
"54","31.183032989501953","31.183032989501953","31.183032989501953","17.190946578979492","17.190946578979492","17.190946578979492"
"55","47.030853271484375","47.030853271484375","47.030853271484375","19.165815353393555","19.165815353393555","19.165815353393555"
"56","44.106014251708984","44.106014251708984","44.106014251708984","23.123292922973633","23.123292922973633","23.123292922973633"
"57","40.96941375732422","40.96941375732422","40.96941375732422","28.818567276000977","28.818567276000977","28.818567276000977"
"58","39.0768928527832","39.0768928527832","39.0768928527832","25.489727020263672","25.489727020263672","25.489727020263672"
"59","45.57173538208008","45.57173538208008","45.57173538208008","25.16717529296875","25.16717529296875","25.16717529296875"
"60","45.10101318359375","45.10101318359375","45.10101318359375","30.365812301635742","30.365812301635742","30.365812301635742"
"61","51.41928482055664","51.41928482055664","51.41928482055664","35.31713104248047","35.31713104248047","35.31713104248047"
"62","41.5584831237793","41.5584831237793","41.5584831237793","26.140581130981445","26.140581130981445","26.140581130981445"
"63","49.305904388427734","49.305904388427734","49.305904388427734","35.436500549316406","35.436500549316406","35.436500549316406"
"64","55.115386962890625","55.115386962890625","55.115386962890625","30.35405731201172","30.35405731201172","30.35405731201172"
"65","43.65659713745117","43.65659713745117","43.65659713745117","22.686050415039062","22.686050415039062","22.686050415039062"
"66","42.328468322753906","42.328468322753906","42.328468322753906","28.19927406311035","28.19927406311035","28.19927406311035"
"67","30.724334716796875","30.724334716796875","30.724334716796875","22.789466857910156","22.789466857910156","22.789466857910156"
"68","47.7315559387207","47.7315559387207","47.7315559387207","20.264564514160156","20.264564514160156","20.264564514160156"
"69","33.03583526611328","33.03583526611328","33.03583526611328","34.39265441894531","34.39265441894531","34.39265441894531"
"70","53.03860092163086","53.03860092163086","53.03860092163086","24.874849319458008","24.874849319458008","24.874849319458008"
"71","41.10972213745117","41.10972213745117","41.10972213745117","28.47004508972168","28.47004508972168","28.47004508972168"
"72","44.89827346801758","44.89827346801758","44.89827346801758","28.830341339111328","28.830341339111328","28.830341339111328"
"73","67.98486328125","67.98486328125","67.98486328125","31.321044921875","31.321044921875","31.321044921875"
"74","43.80570983886719","43.80570983886719","43.80570983886719","22.751577377319336","22.751577377319336","22.751577377319336"
"75","45.20800018310547","45.20800018310547","45.20800018310547","32.18453598022461","32.18453598022461","32.18453598022461"
"76","37.4703483581543","37.4703483581543","37.4703483581543","30.75409507751465","30.75409507751465","30.75409507751465"
"77","42.52229309082031","42.52229309082031","42.52229309082031","28.710641860961914","28.710641860961914","28.710641860961914"
"78","45.22800827026367","45.22800827026367","45.22800827026367","34.97422790527344","34.97422790527344","34.97422790527344"
"79","39.58494567871094","39.58494567871094","39.58494567871094","25.05783462524414","25.05783462524414","25.05783462524414"
"80","25.34981918334961","25.34981918334961","25.34981918334961","22.726484298706055","22.726484298706055","22.726484298706055"
"81","36.44574737548828","36.44574737548828","36.44574737548828","18.345380783081055","18.345380783081055","18.345380783081055"
"82","30.949119567871094","30.949119567871094","30.949119567871094","21.218215942382812","21.218215942382812","21.218215942382812"
"83","45.85927963256836","45.85927963256836","45.85927963256836","27.34971046447754","27.34971046447754","27.34971046447754"
"84","46.258949279785156","46.258949279785156","46.258949279785156","31.468769073486328","31.468769073486328","31.468769073486328"
"85","48.06850814819336","48.06850814819336","48.06850814819336","26.735960006713867","26.735960006713867","26.735960006713867"
"86","39.660552978515625","39.660552978515625","39.660552978515625","31.898296356201172","31.898296356201172","31.898296356201172"
"87","37.589019775390625","37.589019775390625","37.589019775390625","31.439355850219727","31.439355850219727","31.439355850219727"
"88","40.328285217285156","40.328285217285156","40.328285217285156","30.550657272338867","30.550657272338867","30.550657272338867"
"89","57.655555725097656","57.655555725097656","57.655555725097656","24.53716278076172","24.53716278076172","24.53716278076172"
"90","28.931243896484375","28.931243896484375","28.931243896484375","21.038082122802734","21.038082122802734","21.038082122802734"
"91","44.445552825927734","44.445552825927734","44.445552825927734","36.067298889160156","36.067298889160156","36.067298889160156"
"92","26.75254249572754","26.75254249572754","26.75254249572754","23.353904724121094","23.353904724121094","23.353904724121094"
"93","31.384187698364258","31.384187698364258","31.384187698364258","30.03676414489746","30.03676414489746","30.03676414489746"
"94","28.657730102539062","28.657730102539062","28.657730102539062","31.005460739135742","31.005460739135742","31.005460739135742"
"95","22.681711196899414","22.681711196899414","22.681711196899414","20.305238723754883","20.305238723754883","20.305238723754883"
"96","44.087913513183594","44.087913513183594","44.087913513183594","31.640880584716797","31.640880584716797","31.640880584716797"
"97","23.92552947998047","23.92552947998047","23.92552947998047","33.69143295288086","33.69143295288086","33.69143295288086"
"98","31.2125301361084","31.2125301361084","31.2125301361084","33.73604202270508","33.73604202270508","33.73604202270508"
"99","40.772335052490234","40.772335052490234","40.772335052490234","29.618494033813477","29.618494033813477","29.618494033813477"
"100","46.60253143310547","46.60253143310547","46.60253143310547","32.45736312866211","32.45736312866211","32.45736312866211"
"101","44.170860290527344","44.170860290527344","44.170860290527344","27.72455596923828","27.72455596923828","27.72455596923828"
"102","48.89226150512695","48.89226150512695","48.89226150512695","30.67740821838379","30.67740821838379","30.67740821838379"
"103","31.219863891601562","31.219863891601562","31.219863891601562","31.1983699798584","31.1983699798584","31.1983699798584"
"104","35.39312744140625","35.39312744140625","35.39312744140625","32.873313903808594","32.873313903808594","32.873313903808594"
"105","44.56180191040039","44.56180191040039","44.56180191040039","24.421228408813477","24.421228408813477","24.421228408813477"
"106","49.577430725097656","49.577430725097656","49.577430725097656","35.01201248168945","35.01201248168945","35.01201248168945"
"107","34.271854400634766","34.271854400634766","34.271854400634766","37.6070556640625","37.6070556640625","37.6070556640625"
"108","51.93181228637695","51.93181228637695","51.93181228637695","29.37255096435547","29.37255096435547","29.37255096435547"
"109","48.23616409301758","48.23616409301758","48.23616409301758","31.507402420043945","31.507402420043945","31.507402420043945"
"110","27.993148803710938","27.993148803710938","27.993148803710938","20.882274627685547","20.882274627685547","20.882274627685547"
"111","44.632408142089844","44.632408142089844","44.632408142089844","28.084562301635742","28.084562301635742","28.084562301635742"
"112","43.01557159423828","43.01557159423828","43.01557159423828","26.963516235351562","26.963516235351562","26.963516235351562"
"113","35.791648864746094","35.791648864746094","35.791648864746094","27.1743221282959","27.1743221282959","27.1743221282959"
"114","29.730989456176758","29.730989456176758","29.730989456176758","28.617956161499023","28.617956161499023","28.617956161499023"
"115","53.260986328125","53.260986328125","53.260986328125","28.886310577392578","28.886310577392578","28.886310577392578"
"116","40.02801513671875","40.02801513671875","40.02801513671875","24.529664993286133","24.529664993286133","24.529664993286133"
"117","27.392332077026367","27.392332077026367","27.392332077026367","32.234413146972656","32.234413146972656","32.234413146972656"
"118","42.58234786987305","42.58234786987305","42.58234786987305","29.2712345123291","29.2712345123291","29.2712345123291"
"119","30.60104751586914","30.60104751586914","30.60104751586914","26.995962142944336","26.995962142944336","26.995962142944336"
"120","33.05754470825195","33.05754470825195","33.05754470825195","37.350730895996094","37.350730895996094","37.350730895996094"
"121","38.31836700439453","38.31836700439453","38.31836700439453","33.811431884765625","33.811431884765625","33.811431884765625"
"122","42.66791915893555","42.66791915893555","42.66791915893555","29.16120719909668","29.16120719909668","29.16120719909668"
"123","43.57381820678711","43.57381820678711","43.57381820678711","22.907054901123047","22.907054901123047","22.907054901123047"
"124","37.95174026489258","37.95174026489258","37.95174026489258","31.537818908691406","31.537818908691406","31.537818908691406"
"125","23.063756942749023","23.063756942749023","23.063756942749023","34.240745544433594","34.240745544433594","34.240745544433594"
"126","33.77804946899414","33.77804946899414","33.77804946899414","32.056331634521484","32.056331634521484","32.056331634521484"
"127","25.804323196411133","25.804323196411133","25.804323196411133","35.38071823120117","35.38071823120117","35.38071823120117"
"128","24.113941192626953","24.113941192626953","24.113941192626953","28.97749137878418","28.97749137878418","28.97749137878418"
"129","26.624963760375977","26.624963760375977","26.624963760375977","35.75149154663086","35.75149154663086","35.75149154663086"
"130","43.9629020690918","43.9629020690918","43.9629020690918","28.117237091064453","28.117237091064453","28.117237091064453"
"131","49.367740631103516","49.367740631103516","49.367740631103516","30.18570327758789","30.18570327758789","30.18570327758789"
"132","38.900264739990234","38.900264739990234","38.900264739990234","24.890804290771484","24.890804290771484","24.890804290771484"
"133","33.37936782836914","33.37936782836914","33.37936782836914","37.93950271606445","37.93950271606445","37.93950271606445"
"134","37.860469818115234","37.860469818115234","37.860469818115234","31.81510353088379","31.81510353088379","31.81510353088379"
"135","32.329132080078125","32.329132080078125","32.329132080078125","33.355289459228516","33.355289459228516","33.355289459228516"
"136","49.0537223815918","49.0537223815918","49.0537223815918","31.677410125732422","31.677410125732422","31.677410125732422"
"137","39.50199508666992","39.50199508666992","39.50199508666992","33.466182708740234","33.466182708740234","33.466182708740234"
"138","42.87581253051758","42.87581253051758","42.87581253051758","35.1476936340332","35.1476936340332","35.1476936340332"
"139","49.57158279418945","49.57158279418945","49.57158279418945","28.25253677368164","28.25253677368164","28.25253677368164"
"140","45.530181884765625","45.530181884765625","45.530181884765625","35.45885467529297","35.45885467529297","35.45885467529297"
"141","36.93687057495117","36.93687057495117","36.93687057495117","38.759925842285156","38.759925842285156","38.759925842285156"
"142","47.3955192565918","47.3955192565918","47.3955192565918","23.068811416625977","23.068811416625977","23.068811416625977"
"143","47.186092376708984","47.186092376708984","47.186092376708984","34.4904670715332","34.4904670715332","34.4904670715332"
"144","38.32069396972656","38.32069396972656","38.32069396972656","36.393104553222656","36.393104553222656","36.393104553222656"
"145","38.8525276184082","38.8525276184082","38.8525276184082","38.42784881591797","38.42784881591797","38.42784881591797"
"146","34.131385803222656","34.131385803222656","34.131385803222656","34.77802276611328","34.77802276611328","34.77802276611328"
"147","56.5084342956543","56.5084342956543","56.5084342956543","37.803802490234375","37.803802490234375","37.803802490234375"
"148","54.35700225830078","54.35700225830078","54.35700225830078","33.33613586425781","33.33613586425781","33.33613586425781"
"149","49.99842071533203","49.99842071533203","49.99842071533203","30.59002685546875","30.59002685546875","30.59002685546875"
"150","53.49741744995117","53.49741744995117","53.49741744995117","27.104726791381836","27.104726791381836","27.104726791381836"
"151","55.78590393066406","55.78590393066406","55.78590393066406","26.98050308227539","26.98050308227539","26.98050308227539"
"152","60.140438079833984","60.140438079833984","60.140438079833984","36.58715057373047","36.58715057373047","36.58715057373047"
"153","67.7589111328125","67.7589111328125","67.7589111328125","28.077747344970703","28.077747344970703","28.077747344970703"
"154","49.53208923339844","49.53208923339844","49.53208923339844","33.438541412353516","33.438541412353516","33.438541412353516"
"155","32.67790222167969","32.67790222167969","32.67790222167969","36.89679718017578","36.89679718017578","36.89679718017578"
"156","40.80018997192383","40.80018997192383","40.80018997192383","33.90357971191406","33.90357971191406","33.90357971191406"
"157","27.515628814697266","27.515628814697266","27.515628814697266","38.562862396240234","38.562862396240234","38.562862396240234"
"158","49.51877212524414","49.51877212524414","49.51877212524414","32.85245132446289","32.85245132446289","32.85245132446289"
"159","49.68470764160156","49.68470764160156","49.68470764160156","42.56873321533203","42.56873321533203","42.56873321533203"
"160","50.10295104980469","50.10295104980469","50.10295104980469","40.70920944213867","40.70920944213867","40.70920944213867"
"161","53.21356201171875","53.21356201171875","53.21356201171875","37.46337890625","37.46337890625","37.46337890625"
"162","47.09327697753906","47.09327697753906","47.09327697753906","36.23473358154297","36.23473358154297","36.23473358154297"
"163","48.74154281616211","48.74154281616211","48.74154281616211","37.68387222290039","37.68387222290039","37.68387222290039"
"164","42.96149444580078","42.96149444580078","42.96149444580078","39.20146942138672","39.20146942138672","39.20146942138672"
"165","48.68938064575195","48.68938064575195","48.68938064575195","38.09645080566406","38.09645080566406","38.09645080566406"
"166","66.28264617919922","66.28264617919922","66.28264617919922","38.30473709106445","38.30473709106445","38.30473709106445"
"167","65.16464233398438","65.16464233398438","65.16464233398438","28.950111389160156","28.950111389160156","28.950111389160156"
"168","60.60760498046875","60.60760498046875","60.60760498046875","41.711952209472656","41.711952209472656","41.711952209472656"
"169","42.644981384277344","42.644981384277344","42.644981384277344","39.835540771484375","39.835540771484375","39.835540771484375"
"170","50.28379821777344","50.28379821777344","50.28379821777344","39.372379302978516","39.372379302978516","39.372379302978516"
"171","73.15145111083984","73.15145111083984","73.15145111083984","36.70372009277344","36.70372009277344","36.70372009277344"
"172","55.46734619140625","55.46734619140625","55.46734619140625","38.17143630981445","38.17143630981445","38.17143630981445"
"173","40.733524322509766","40.733524322509766","40.733524322509766","36.23462677001953","36.23462677001953","36.23462677001953"
"174","65.79808807373047","65.79808807373047","65.79808807373047","32.94767379760742","32.94767379760742","32.94767379760742"
"175","58.58637619018555","58.58637619018555","58.58637619018555","39.40495681762695","39.40495681762695","39.40495681762695"
"176","71.24295043945312","71.24295043945312","71.24295043945312","37.029624938964844","37.029624938964844","37.029624938964844"
"177","62.94126510620117","62.94126510620117","62.94126510620117","49.326454162597656","49.326454162597656","49.326454162597656"
"178","50.09434509277344","50.09434509277344","50.09434509277344","33.68186569213867","33.68186569213867","33.68186569213867"
"179","67.72067260742188","67.72067260742188","67.72067260742188","36.6855354309082","36.6855354309082","36.6855354309082"
"180","55.665042877197266","55.665042877197266","55.665042877197266","39.2774772644043","39.2774772644043","39.2774772644043"
"181","68.83020782470703","68.83020782470703","68.83020782470703","31.48134994506836","31.48134994506836","31.48134994506836"
"182","72.31785583496094","72.31785583496094","72.31785583496094","43.7773551940918","43.7773551940918","43.7773551940918"
"183","82.74829864501953","82.74829864501953","82.74829864501953","42.1900749206543","42.1900749206543","42.1900749206543"
"184","67.06150817871094","67.06150817871094","67.06150817871094","35.59341812133789","35.59341812133789","35.59341812133789"
"185","71.3458251953125","71.3458251953125","71.3458251953125","32.91102600097656","32.91102600097656","32.91102600097656"
"186","66.99250793457031","66.99250793457031","66.99250793457031","42.0469856262207","42.0469856262207","42.0469856262207"
"187","59.94316101074219","59.94316101074219","59.94316101074219","36.45518493652344","36.45518493652344","36.45518493652344"
"188","73.3907241821289","73.3907241821289","73.3907241821289","31.362472534179688","31.362472534179688","31.362472534179688"
"189","73.23394775390625","73.23394775390625","73.23394775390625","40.46978759765625","40.46978759765625","40.46978759765625"
"190","60.329315185546875","60.329315185546875","60.329315185546875","33.026611328125","33.026611328125","33.026611328125"
"191","68.83868408203125","68.83868408203125","68.83868408203125","36.738651275634766","36.738651275634766","36.738651275634766"
"192","62.582427978515625","62.582427978515625","62.582427978515625","43.958892822265625","43.958892822265625","43.958892822265625"
"193","69.79291534423828","69.79291534423828","69.79291534423828","39.057430267333984","39.057430267333984","39.057430267333984"
"194","65.28905487060547","65.28905487060547","65.28905487060547","41.886741638183594","41.886741638183594","41.886741638183594"
"195","50.57820129394531","50.57820129394531","50.57820129394531","39.57489013671875","39.57489013671875","39.57489013671875"
"196","76.05441284179688","76.05441284179688","76.05441284179688","38.6584587097168","38.6584587097168","38.6584587097168"
"197","75.01786804199219","75.01786804199219","75.01786804199219","36.64601516723633","36.64601516723633","36.64601516723633"
"198","74.06390380859375","74.06390380859375","74.06390380859375","32.112586975097656","32.112586975097656","32.112586975097656"
"199","81.82389831542969","81.82389831542969","81.82389831542969","41.257713317871094","41.257713317871094","41.257713317871094"
"200","64.99742126464844","64.99742126464844","64.99742126464844","33.391456604003906","33.391456604003906","33.391456604003906"
"201","79.32324981689453","79.32324981689453","79.32324981689453","41.79766845703125","41.79766845703125","41.79766845703125"
"202","72.83406829833984","72.83406829833984","72.83406829833984","33.42695617675781","33.42695617675781","33.42695617675781"
"203","56.25617218017578","56.25617218017578","56.25617218017578","39.57149887084961","39.57149887084961","39.57149887084961"
"204","73.91360473632812","73.91360473632812","73.91360473632812","32.1052360534668","32.1052360534668","32.1052360534668"
"205","72.96635437011719","72.96635437011719","72.96635437011719","33.127742767333984","33.127742767333984","33.127742767333984"
"206","59.9344482421875","59.9344482421875","59.9344482421875","44.03132629394531","44.03132629394531","44.03132629394531"
"207","69.54402160644531","69.54402160644531","69.54402160644531","32.58835983276367","32.58835983276367","32.58835983276367"
"208","73.08018493652344","73.08018493652344","73.08018493652344","37.004512786865234","37.004512786865234","37.004512786865234"
"209","76.2455825805664","76.2455825805664","76.2455825805664","39.79840850830078","39.79840850830078","39.79840850830078"
"210","76.39392852783203","76.39392852783203","76.39392852783203","35.357818603515625","35.357818603515625","35.357818603515625"
"211","72.54136657714844","72.54136657714844","72.54136657714844","40.53921127319336","40.53921127319336","40.53921127319336"
"212","80.77446746826172","80.77446746826172","80.77446746826172","34.69912338256836","34.69912338256836","34.69912338256836"
"213","82.66280364990234","82.66280364990234","82.66280364990234","45.70507049560547","45.70507049560547","45.70507049560547"
"214","88.20966339111328","88.20966339111328","88.20966339111328","37.11564636230469","37.11564636230469","37.11564636230469"
"215","60.96991729736328","60.96991729736328","60.96991729736328","47.613929748535156","47.613929748535156","47.613929748535156"
"216","74.26871490478516","74.26871490478516","74.26871490478516","47.30030822753906","47.30030822753906","47.30030822753906"
"217","78.72747039794922","78.72747039794922","78.72747039794922","48.70100021362305","48.70100021362305","48.70100021362305"
"218","88.00768280029297","88.00768280029297","88.00768280029297","46.63920211791992","46.63920211791992","46.63920211791992"
"219","84.49464416503906","84.49464416503906","84.49464416503906","45.8863639831543","45.8863639831543","45.8863639831543"
"220","80.26314544677734","80.26314544677734","80.26314544677734","39.52883529663086","39.52883529663086","39.52883529663086"
"221","73.69236755371094","73.69236755371094","73.69236755371094","41.721763610839844","41.721763610839844","41.721763610839844"
"222","82.5683364868164","82.5683364868164","82.5683364868164","34.516727447509766","34.516727447509766","34.516727447509766"
"223","75.90097045898438","75.90097045898438","75.90097045898438","31.27088737487793","31.27088737487793","31.27088737487793"
"224","74.42744445800781","74.42744445800781","74.42744445800781","41.12864685058594","41.12864685058594","41.12864685058594"
"225","84.19841766357422","84.19841766357422","84.19841766357422","35.06300735473633","35.06300735473633","35.06300735473633"
"226","77.86602020263672","77.86602020263672","77.86602020263672","37.503173828125","37.503173828125","37.503173828125"
"227","82.85945129394531","82.85945129394531","82.85945129394531","39.91031265258789","39.91031265258789","39.91031265258789"
"228","68.12229919433594","68.12229919433594","68.12229919433594","41.182342529296875","41.182342529296875","41.182342529296875"
"229","74.75275421142578","74.75275421142578","74.75275421142578","45.59567642211914","45.59567642211914","45.59567642211914"
"230","77.20850372314453","77.20850372314453","77.20850372314453","42.298370361328125","42.298370361328125","42.298370361328125"
"231","88.2143783569336","88.2143783569336","88.2143783569336","39.717735290527344","39.717735290527344","39.717735290527344"
"232","68.89582824707031","68.89582824707031","68.89582824707031","43.6356315612793","43.6356315612793","43.6356315612793"
"233","82.55367279052734","82.55367279052734","82.55367279052734","33.782962799072266","33.782962799072266","33.782962799072266"
"234","67.53263854980469","67.53263854980469","67.53263854980469","43.335205078125","43.335205078125","43.335205078125"
"235","67.92703247070312","67.92703247070312","67.92703247070312","38.548988342285156","38.548988342285156","38.548988342285156"
"236","60.09977340698242","60.09977340698242","60.09977340698242","41.05530548095703","41.05530548095703","41.05530548095703"
"237","63.29708480834961","63.29708480834961","63.29708480834961","30.842622756958008","30.842622756958008","30.842622756958008"
"238","70.80717468261719","70.80717468261719","70.80717468261719","43.702857971191406","43.702857971191406","43.702857971191406"
"239","70.96526336669922","70.96526336669922","70.96526336669922","35.044227600097656","35.044227600097656","35.044227600097656"
"240","73.8011474609375","73.8011474609375","73.8011474609375","45.1309928894043","45.1309928894043","45.1309928894043"
"241","64.80204772949219","64.80204772949219","64.80204772949219","46.14908218383789","46.14908218383789","46.14908218383789"
"242","82.52597045898438","82.52597045898438","82.52597045898438","38.985084533691406","38.985084533691406","38.985084533691406"
"243","71.8765869140625","71.8765869140625","71.8765869140625","37.968666076660156","37.968666076660156","37.968666076660156"
"244","76.5331039428711","76.5331039428711","76.5331039428711","38.39237976074219","38.39237976074219","38.39237976074219"
"245","54.43376541137695","54.43376541137695","54.43376541137695","41.837684631347656","41.837684631347656","41.837684631347656"
"246","79.68429565429688","79.68429565429688","79.68429565429688","32.93223571777344","32.93223571777344","32.93223571777344"
"247","60.97052001953125","60.97052001953125","60.97052001953125","39.718772888183594","39.718772888183594","39.718772888183594"
"248","67.58019256591797","67.58019256591797","67.58019256591797","34.55141830444336","34.55141830444336","34.55141830444336"
"249","74.52094268798828","74.52094268798828","74.52094268798828","42.817142486572266","42.817142486572266","42.817142486572266"
"250","76.4604263305664","76.4604263305664","76.4604263305664","38.810550689697266","38.810550689697266","38.810550689697266"
"251","78.61334991455078","78.61334991455078","78.61334991455078","44.503929138183594","44.503929138183594","44.503929138183594"
"252","57.5469856262207","57.5469856262207","57.5469856262207","35.55615997314453","35.55615997314453","35.55615997314453"
"253","76.35768127441406","76.35768127441406","76.35768127441406","50.40258026123047","50.40258026123047","50.40258026123047"
"254","72.69638061523438","72.69638061523438","72.69638061523438","45.46843719482422","45.46843719482422","45.46843719482422"
"255","65.9527816772461","65.9527816772461","65.9527816772461","35.484317779541016","35.484317779541016","35.484317779541016"
"256","75.80496978759766","75.80496978759766","75.80496978759766","52.032676696777344","52.032676696777344","52.032676696777344"
"257","74.64966583251953","74.64966583251953","74.64966583251953","38.012752532958984","38.012752532958984","38.012752532958984"
"258","78.41988372802734","78.41988372802734","78.41988372802734","44.03464889526367","44.03464889526367","44.03464889526367"
"259","64.44332122802734","64.44332122802734","64.44332122802734","42.03884506225586","42.03884506225586","42.03884506225586"
"260","81.13011169433594","81.13011169433594","81.13011169433594","40.566619873046875","40.566619873046875","40.566619873046875"
"261","83.81804656982422","83.81804656982422","83.81804656982422","39.314605712890625","39.314605712890625","39.314605712890625"
"262","79.64535522460938","79.64535522460938","79.64535522460938","33.12006759643555","33.12006759643555","33.12006759643555"
"263","70.22937774658203","70.22937774658203","70.22937774658203","39.08241653442383","39.08241653442383","39.08241653442383"
"264","74.25354766845703","74.25354766845703","74.25354766845703","44.71738815307617","44.71738815307617","44.71738815307617"
"265","66.45254516601562","66.45254516601562","66.45254516601562","38.95116424560547","38.95116424560547","38.95116424560547"
"266","77.32784271240234","77.32784271240234","77.32784271240234","40.86892318725586","40.86892318725586","40.86892318725586"
"267","79.44161987304688","79.44161987304688","79.44161987304688","46.70381546020508","46.70381546020508","46.70381546020508"
"268","79.59746551513672","79.59746551513672","79.59746551513672","42.14952850341797","42.14952850341797","42.14952850341797"
"269","79.9853286743164","79.9853286743164","79.9853286743164","40.52491760253906","40.52491760253906","40.52491760253906"
"270","74.8532485961914","74.8532485961914","74.8532485961914","35.78492736816406","35.78492736816406","35.78492736816406"
"271","91.69591522216797","91.69591522216797","91.69591522216797","42.17059326171875","42.17059326171875","42.17059326171875"
"272","67.86763763427734","67.86763763427734","67.86763763427734","35.68087387084961","35.68087387084961","35.68087387084961"
"273","61.81197738647461","61.81197738647461","61.81197738647461","31.39910125732422","31.39910125732422","31.39910125732422"
"274","76.31327819824219","76.31327819824219","76.31327819824219","39.401817321777344","39.401817321777344","39.401817321777344"
"275","68.65863037109375","68.65863037109375","68.65863037109375","37.26192092895508","37.26192092895508","37.26192092895508"
"276","75.30297088623047","75.30297088623047","75.30297088623047","44.11147689819336","44.11147689819336","44.11147689819336"
"277","75.68802642822266","75.68802642822266","75.68802642822266","39.70355224609375","39.70355224609375","39.70355224609375"
"278","89.9300537109375","89.9300537109375","89.9300537109375","29.803110122680664","29.803110122680664","29.803110122680664"
"279","70.47795104980469","70.47795104980469","70.47795104980469","39.86431121826172","39.86431121826172","39.86431121826172"
"280","70.78046417236328","70.78046417236328","70.78046417236328","29.89437484741211","29.89437484741211","29.89437484741211"
"281","78.12517547607422","78.12517547607422","78.12517547607422","31.238357543945312","31.238357543945312","31.238357543945312"
"282","77.66969299316406","77.66969299316406","77.66969299316406","35.63536834716797","35.63536834716797","35.63536834716797"
"283","79.63825988769531","79.63825988769531","79.63825988769531","38.3777961730957","38.3777961730957","38.3777961730957"
"284","53.95814514160156","53.95814514160156","53.95814514160156","38.73462677001953","38.73462677001953","38.73462677001953"
"285","75.94964599609375","75.94964599609375","75.94964599609375","36.86625289916992","36.86625289916992","36.86625289916992"
"286","77.84925079345703","77.84925079345703","77.84925079345703","23.487335205078125","23.487335205078125","23.487335205078125"
"287","63.084556579589844","63.084556579589844","63.084556579589844","32.368228912353516","32.368228912353516","32.368228912353516"
"288","90.46958923339844","90.46958923339844","90.46958923339844","34.81562805175781","34.81562805175781","34.81562805175781"
"289","85.78563690185547","85.78563690185547","85.78563690185547","44.35089111328125","44.35089111328125","44.35089111328125"
"290","77.580322265625","77.580322265625","77.580322265625","40.433624267578125","40.433624267578125","40.433624267578125"
"291","96.35175323486328","96.35175323486328","96.35175323486328","36.19807815551758","36.19807815551758","36.19807815551758"
"292","65.4065170288086","65.4065170288086","65.4065170288086","42.824676513671875","42.824676513671875","42.824676513671875"
"293","88.93473815917969","88.93473815917969","88.93473815917969","47.828277587890625","47.828277587890625","47.828277587890625"
"294","77.81331634521484","77.81331634521484","77.81331634521484","33.32246017456055","33.32246017456055","33.32246017456055"
"295","87.08134460449219","87.08134460449219","87.08134460449219","41.36555862426758","41.36555862426758","41.36555862426758"
"296","84.3632583618164","84.3632583618164","84.3632583618164","40.444271087646484","40.444271087646484","40.444271087646484"
"297","73.95648956298828","73.95648956298828","73.95648956298828","38.884368896484375","38.884368896484375","38.884368896484375"
"298","71.53631591796875","71.53631591796875","71.53631591796875","40.450626373291016","40.450626373291016","40.450626373291016"
"299","87.71920776367188","87.71920776367188","87.71920776367188","42.9401969909668","42.9401969909668","42.9401969909668"
"300","74.75788879394531","74.75788879394531","74.75788879394531","33.1386604309082","33.1386604309082","33.1386604309082"
"301","62.40749740600586","62.40749740600586","62.40749740600586","32.85231399536133","32.85231399536133","32.85231399536133"
"302","93.5731430053711","93.5731430053711","93.5731430053711","32.96329879760742","32.96329879760742","32.96329879760742"
"303","86.3775405883789","86.3775405883789","86.3775405883789","33.2017707824707","33.2017707824707","33.2017707824707"
"304","86.65179443359375","86.65179443359375","86.65179443359375","35.434391021728516","35.434391021728516","35.434391021728516"
"305","82.90560913085938","82.90560913085938","82.90560913085938","39.8730354309082","39.8730354309082","39.8730354309082"
"306","84.794921875","84.794921875","84.794921875","42.15854263305664","42.15854263305664","42.15854263305664"
"307","95.97303009033203","95.97303009033203","95.97303009033203","34.48451614379883","34.48451614379883","34.48451614379883"
"308","63.285282135009766","63.285282135009766","63.285282135009766","33.97869110107422","33.97869110107422","33.97869110107422"
"309","44.79606246948242","44.79606246948242","44.79606246948242","35.713417053222656","35.713417053222656","35.713417053222656"
"310","72.47499084472656","72.47499084472656","72.47499084472656","39.74793243408203","39.74793243408203","39.74793243408203"
"311","66.5060806274414","66.5060806274414","66.5060806274414","29.934337615966797","29.934337615966797","29.934337615966797"
"312","85.63134765625","85.63134765625","85.63134765625","35.880428314208984","35.880428314208984","35.880428314208984"
"313","77.70242309570312","77.70242309570312","77.70242309570312","31.491743087768555","31.491743087768555","31.491743087768555"
"314","67.28316497802734","67.28316497802734","67.28316497802734","35.60686111450195","35.60686111450195","35.60686111450195"
"315","61.593666076660156","61.593666076660156","61.593666076660156","40.021236419677734","40.021236419677734","40.021236419677734"
"316","81.68791198730469","81.68791198730469","81.68791198730469","33.837120056152344","33.837120056152344","33.837120056152344"
"317","50.030250549316406","50.030250549316406","50.030250549316406","31.068696975708008","31.068696975708008","31.068696975708008"
"318","55.01197814941406","55.01197814941406","55.01197814941406","34.36206817626953","34.36206817626953","34.36206817626953"
"319","61.045291900634766","61.045291900634766","61.045291900634766","42.550662994384766","42.550662994384766","42.550662994384766"
"320","77.83292388916016","77.83292388916016","77.83292388916016","30.6852970123291","30.6852970123291","30.6852970123291"
"321","69.28329467773438","69.28329467773438","69.28329467773438","37.70469665527344","37.70469665527344","37.70469665527344"
"322","59.099220275878906","59.099220275878906","59.099220275878906","34.29933547973633","34.29933547973633","34.29933547973633"
"323","85.93450164794922","85.93450164794922","85.93450164794922","34.29147720336914","34.29147720336914","34.29147720336914"
"324","62.49036407470703","62.49036407470703","62.49036407470703","38.758296966552734","38.758296966552734","38.758296966552734"
"325","70.68833923339844","70.68833923339844","70.68833923339844","37.777034759521484","37.777034759521484","37.777034759521484"
"326","70.90296936035156","70.90296936035156","70.90296936035156","36.119178771972656","36.119178771972656","36.119178771972656"
"327","63.74099349975586","63.74099349975586","63.74099349975586","33.55677795410156","33.55677795410156","33.55677795410156"
"328","91.47866821289062","91.47866821289062","91.47866821289062","33.694576263427734","33.694576263427734","33.694576263427734"
"329","73.18653869628906","73.18653869628906","73.18653869628906","33.39608383178711","33.39608383178711","33.39608383178711"
"330","81.60208892822266","81.60208892822266","81.60208892822266","52.40807342529297","52.40807342529297","52.40807342529297"
"331","83.06901550292969","83.06901550292969","83.06901550292969","37.66969680786133","37.66969680786133","37.66969680786133"
"332","95.23538208007812","95.23538208007812","95.23538208007812","24.769954681396484","24.769954681396484","24.769954681396484"
"333","74.94010162353516","74.94010162353516","74.94010162353516","28.750524520874023","28.750524520874023","28.750524520874023"
"334","68.46656036376953","68.46656036376953","68.46656036376953","33.73307418823242","33.73307418823242","33.73307418823242"
"335","59.40214538574219","59.40214538574219","59.40214538574219","34.74110412597656","34.74110412597656","34.74110412597656"
"336","84.79618072509766","84.79618072509766","84.79618072509766","33.70387268066406","33.70387268066406","33.70387268066406"
"337","85.39472961425781","85.39472961425781","85.39472961425781","29.111976623535156","29.111976623535156","29.111976623535156"
"338","61.270843505859375","61.270843505859375","61.270843505859375","29.37173843383789","29.37173843383789","29.37173843383789"
"339","78.85257720947266","78.85257720947266","78.85257720947266","38.435115814208984","38.435115814208984","38.435115814208984"
"340","84.76752471923828","84.76752471923828","84.76752471923828","38.97412872314453","38.97412872314453","38.97412872314453"
"341","71.78011322021484","71.78011322021484","71.78011322021484","35.11403274536133","35.11403274536133","35.11403274536133"
"342","68.94647216796875","68.94647216796875","68.94647216796875","38.22758483886719","38.22758483886719","38.22758483886719"
"343","66.27952575683594","66.27952575683594","66.27952575683594","46.75960159301758","46.75960159301758","46.75960159301758"
"344","99.5280532836914","99.5280532836914","99.5280532836914","41.09982681274414","41.09982681274414","41.09982681274414"
"345","85.6729965209961","85.6729965209961","85.6729965209961","34.913814544677734","34.913814544677734","34.913814544677734"
"346","92.56582641601562","92.56582641601562","92.56582641601562","40.61421585083008","40.61421585083008","40.61421585083008"
"347","80.82125854492188","80.82125854492188","80.82125854492188","32.79475402832031","32.79475402832031","32.79475402832031"
"348","63.39861297607422","63.39861297607422","63.39861297607422","32.509708404541016","32.509708404541016","32.509708404541016"
"349","88.05216979980469","88.05216979980469","88.05216979980469","36.67245101928711","36.67245101928711","36.67245101928711"
"350","72.2149429321289","72.2149429321289","72.2149429321289","28.66594696044922","28.66594696044922","28.66594696044922"
"351","75.25586700439453","75.25586700439453","75.25586700439453","35.892696380615234","35.892696380615234","35.892696380615234"
"352","80.98690795898438","80.98690795898438","80.98690795898438","33.17243576049805","33.17243576049805","33.17243576049805"
"353","80.25823974609375","80.25823974609375","80.25823974609375","32.93870544433594","32.93870544433594","32.93870544433594"
"354","66.3385238647461","66.3385238647461","66.3385238647461","37.217159271240234","37.217159271240234","37.217159271240234"
"355","91.63699340820312","91.63699340820312","91.63699340820312","34.3486442565918","34.3486442565918","34.3486442565918"
"356","82.80601501464844","82.80601501464844","82.80601501464844","36.64569091796875","36.64569091796875","36.64569091796875"
"357","76.23574829101562","76.23574829101562","76.23574829101562","30.619930267333984","30.619930267333984","30.619930267333984"
"358","77.79508209228516","77.79508209228516","77.79508209228516","33.15068817138672","33.15068817138672","33.15068817138672"
"359","99.45883178710938","99.45883178710938","99.45883178710938","48.115203857421875","48.115203857421875","48.115203857421875"
"360","90.56454467773438","90.56454467773438","90.56454467773438","30.13235855102539","30.13235855102539","30.13235855102539"
"361","84.82064056396484","84.82064056396484","84.82064056396484","26.07436752319336","26.07436752319336","26.07436752319336"
"362","69.03488159179688","69.03488159179688","69.03488159179688","35.867759704589844","35.867759704589844","35.867759704589844"
"363","95.92211151123047","95.92211151123047","95.92211151123047","42.66651153564453","42.66651153564453","42.66651153564453"
"364","87.55158233642578","87.55158233642578","87.55158233642578","36.66096115112305","36.66096115112305","36.66096115112305"
"365","69.79985046386719","69.79985046386719","69.79985046386719","30.238554000854492","30.238554000854492","30.238554000854492"
"366","99.54598999023438","99.54598999023438","99.54598999023438","35.47835159301758","35.47835159301758","35.47835159301758"
"367","94.41769409179688","94.41769409179688","94.41769409179688","31.289466857910156","31.289466857910156","31.289466857910156"
"368","96.83802032470703","96.83802032470703","96.83802032470703","28.325464248657227","28.325464248657227","28.325464248657227"
"369","93.610107421875","93.610107421875","93.610107421875","38.6226921081543","38.6226921081543","38.6226921081543"
"370","65.03681182861328","65.03681182861328","65.03681182861328","27.03884506225586","27.03884506225586","27.03884506225586"
"371","95.8834228515625","95.8834228515625","95.8834228515625","39.55900955200195","39.55900955200195","39.55900955200195"
"372","77.91990661621094","77.91990661621094","77.91990661621094","43.51924514770508","43.51924514770508","43.51924514770508"
"373","82.75772857666016","82.75772857666016","82.75772857666016","37.07112121582031","37.07112121582031","37.07112121582031"
"374","87.24203491210938","87.24203491210938","87.24203491210938","34.035011291503906","34.035011291503906","34.035011291503906"
"375","98.24513244628906","98.24513244628906","98.24513244628906","28.983163833618164","28.983163833618164","28.983163833618164"
"376","98.4168701171875","98.4168701171875","98.4168701171875","27.28940200805664","27.28940200805664","27.28940200805664"
"377","84.56779479980469","84.56779479980469","84.56779479980469","31.70826530456543","31.70826530456543","31.70826530456543"
"378","91.73239135742188","91.73239135742188","91.73239135742188","36.4879035949707","36.4879035949707","36.4879035949707"
"379","97.24674987792969","97.24674987792969","97.24674987792969","38.300376892089844","38.300376892089844","38.300376892089844"
"380","100.89889526367188","100.89889526367188","100.89889526367188","39.51300048828125","39.51300048828125","39.51300048828125"
"381","91.359130859375","91.359130859375","91.359130859375","39.656402587890625","39.656402587890625","39.656402587890625"
"382","86.34013366699219","86.34013366699219","86.34013366699219","36.26150894165039","36.26150894165039","36.26150894165039"
"383","77.78738403320312","77.78738403320312","77.78738403320312","41.357120513916016","41.357120513916016","41.357120513916016"
"384","82.76334381103516","82.76334381103516","82.76334381103516","38.399417877197266","38.399417877197266","38.399417877197266"
"385","84.23202514648438","84.23202514648438","84.23202514648438","39.66157913208008","39.66157913208008","39.66157913208008"
"386","71.90821838378906","71.90821838378906","71.90821838378906","37.44478225708008","37.44478225708008","37.44478225708008"
"387","84.45972442626953","84.45972442626953","84.45972442626953","31.342472076416016","31.342472076416016","31.342472076416016"
"388","83.29396057128906","83.29396057128906","83.29396057128906","38.38333511352539","38.38333511352539","38.38333511352539"
"389","87.88895416259766","87.88895416259766","87.88895416259766","41.71995544433594","41.71995544433594","41.71995544433594"
"390","115.67115783691406","115.67115783691406","115.67115783691406","40.837791442871094","40.837791442871094","40.837791442871094"
"391","115.21105194091797","115.21105194091797","115.21105194091797","43.221214294433594","43.221214294433594","43.221214294433594"
"392","86.51897430419922","86.51897430419922","86.51897430419922","30.296167373657227","30.296167373657227","30.296167373657227"
"393","95.42916870117188","95.42916870117188","95.42916870117188","37.17570877075195","37.17570877075195","37.17570877075195"
"394","90.0223617553711","90.0223617553711","90.0223617553711","39.02769088745117","39.02769088745117","39.02769088745117"
"395","91.18569946289062","91.18569946289062","91.18569946289062","34.5580940246582","34.5580940246582","34.5580940246582"
"396","90.85116577148438","90.85116577148438","90.85116577148438","46.65263748168945","46.65263748168945","46.65263748168945"
"397","79.17098999023438","79.17098999023438","79.17098999023438","34.14043426513672","34.14043426513672","34.14043426513672"
"398","87.65072631835938","87.65072631835938","87.65072631835938","41.568328857421875","41.568328857421875","41.568328857421875"
"399","100.73233795166016","100.73233795166016","100.73233795166016","32.78645706176758","32.78645706176758","32.78645706176758"
"400","99.72962188720703","99.72962188720703","99.72962188720703","32.504703521728516","32.504703521728516","32.504703521728516"
"401","96.7188720703125","96.7188720703125","96.7188720703125","45.59285354614258","45.59285354614258","45.59285354614258"
"402","86.81917572021484","86.81917572021484","86.81917572021484","38.14627456665039","38.14627456665039","38.14627456665039"
"403","95.32664489746094","95.32664489746094","95.32664489746094","37.95010757446289","37.95010757446289","37.95010757446289"
"404","103.412109375","103.412109375","103.412109375","41.961631774902344","41.961631774902344","41.961631774902344"
"405","89.07331848144531","89.07331848144531","89.07331848144531","41.14130783081055","41.14130783081055","41.14130783081055"
"406","79.07501983642578","79.07501983642578","79.07501983642578","33.38801193237305","33.38801193237305","33.38801193237305"
"407","97.543701171875","97.543701171875","97.543701171875","31.60233497619629","31.60233497619629","31.60233497619629"
"408","79.39078521728516","79.39078521728516","79.39078521728516","35.526180267333984","35.526180267333984","35.526180267333984"
"409","85.27369689941406","85.27369689941406","85.27369689941406","47.009803771972656","47.009803771972656","47.009803771972656"
"410","118.09727478027344","118.09727478027344","118.09727478027344","43.69839859008789","43.69839859008789","43.69839859008789"
"411","107.17803955078125","107.17803955078125","107.17803955078125","41.70893859863281","41.70893859863281","41.70893859863281"
"412","96.22650909423828","96.22650909423828","96.22650909423828","36.88277053833008","36.88277053833008","36.88277053833008"
"413","98.7301254272461","98.7301254272461","98.7301254272461","31.754653930664062","31.754653930664062","31.754653930664062"
"414","99.70857238769531","99.70857238769531","99.70857238769531","33.217803955078125","33.217803955078125","33.217803955078125"
"415","89.81407928466797","89.81407928466797","89.81407928466797","33.8724365234375","33.8724365234375","33.8724365234375"
"416","86.77265930175781","86.77265930175781","86.77265930175781","37.48027801513672","37.48027801513672","37.48027801513672"
"417","99.84175109863281","99.84175109863281","99.84175109863281","35.468910217285156","35.468910217285156","35.468910217285156"
"418","92.66043090820312","92.66043090820312","92.66043090820312","32.32853317260742","32.32853317260742","32.32853317260742"
"419","102.7489242553711","102.7489242553711","102.7489242553711","36.448387145996094","36.448387145996094","36.448387145996094"
"420","89.21417236328125","89.21417236328125","89.21417236328125","41.842010498046875","41.842010498046875","41.842010498046875"
"421","80.58452606201172","80.58452606201172","80.58452606201172","37.81767654418945","37.81767654418945","37.81767654418945"
"422","95.32353973388672","95.32353973388672","95.32353973388672","34.99261474609375","34.99261474609375","34.99261474609375"
"423","85.14494323730469","85.14494323730469","85.14494323730469","29.61351776123047","29.61351776123047","29.61351776123047"
"424","67.44483947753906","67.44483947753906","67.44483947753906","35.27011489868164","35.27011489868164","35.27011489868164"
"425","91.55744934082031","91.55744934082031","91.55744934082031","43.886878967285156","43.886878967285156","43.886878967285156"
"426","107.5950698852539","107.5950698852539","107.5950698852539","42.418243408203125","42.418243408203125","42.418243408203125"
"427","106.94215393066406","106.94215393066406","106.94215393066406","31.63311767578125","31.63311767578125","31.63311767578125"
"428","90.2500991821289","90.2500991821289","90.2500991821289","38.42185974121094","38.42185974121094","38.42185974121094"
"429","100.1745376586914","100.1745376586914","100.1745376586914","38.56047058105469","38.56047058105469","38.56047058105469"
"430","85.21080780029297","85.21080780029297","85.21080780029297","36.30992889404297","36.30992889404297","36.30992889404297"
"431","76.70502471923828","76.70502471923828","76.70502471923828","32.93135070800781","32.93135070800781","32.93135070800781"
"432","102.16715240478516","102.16715240478516","102.16715240478516","37.089420318603516","37.089420318603516","37.089420318603516"
"433","94.02250671386719","94.02250671386719","94.02250671386719","37.76530075073242","37.76530075073242","37.76530075073242"
"434","89.72371673583984","89.72371673583984","89.72371673583984","34.640254974365234","34.640254974365234","34.640254974365234"
"435","112.78730010986328","112.78730010986328","112.78730010986328","36.26926040649414","36.26926040649414","36.26926040649414"
"436","100.09395599365234","100.09395599365234","100.09395599365234","37.41963195800781","37.41963195800781","37.41963195800781"
"437","99.4718017578125","99.4718017578125","99.4718017578125","39.87250900268555","39.87250900268555","39.87250900268555"
"438","98.23158264160156","98.23158264160156","98.23158264160156","39.460269927978516","39.460269927978516","39.460269927978516"
"439","108.76874542236328","108.76874542236328","108.76874542236328","34.973846435546875","34.973846435546875","34.973846435546875"
"440","98.73291778564453","98.73291778564453","98.73291778564453","42.65496826171875","42.65496826171875","42.65496826171875"
"441","81.58428955078125","81.58428955078125","81.58428955078125","43.216285705566406","43.216285705566406","43.216285705566406"
"442","83.90470123291016","83.90470123291016","83.90470123291016","45.88129806518555","45.88129806518555","45.88129806518555"
"443","121.85614013671875","121.85614013671875","121.85614013671875","38.19883346557617","38.19883346557617","38.19883346557617"
"444","96.68942260742188","96.68942260742188","96.68942260742188","37.448604583740234","37.448604583740234","37.448604583740234"
"445","117.98748016357422","117.98748016357422","117.98748016357422","40.609840393066406","40.609840393066406","40.609840393066406"
"446","93.26265716552734","93.26265716552734","93.26265716552734","30.804250717163086","30.804250717163086","30.804250717163086"
"447","101.2948226928711","101.2948226928711","101.2948226928711","33.55347442626953","33.55347442626953","33.55347442626953"
"448","105.34957122802734","105.34957122802734","105.34957122802734","38.78653335571289","38.78653335571289","38.78653335571289"
"449","111.0443115234375","111.0443115234375","111.0443115234375","46.89448165893555","46.89448165893555","46.89448165893555"
"450","111.39033508300781","111.39033508300781","111.39033508300781","35.1445426940918","35.1445426940918","35.1445426940918"
"451","87.21989440917969","87.21989440917969","87.21989440917969","39.3364143371582","39.3364143371582","39.3364143371582"
"452","82.5043716430664","82.5043716430664","82.5043716430664","37.366844177246094","37.366844177246094","37.366844177246094"
"453","105.7606430053711","105.7606430053711","105.7606430053711","38.33477020263672","38.33477020263672","38.33477020263672"
"454","118.3382797241211","118.3382797241211","118.3382797241211","32.14275360107422","32.14275360107422","32.14275360107422"
"455","116.57567596435547","116.57567596435547","116.57567596435547","35.68104553222656","35.68104553222656","35.68104553222656"
"456","92.82160186767578","92.82160186767578","92.82160186767578","35.95790481567383","35.95790481567383","35.95790481567383"
"457","83.90962219238281","83.90962219238281","83.90962219238281","33.13406753540039","33.13406753540039","33.13406753540039"
"458","100.83378601074219","100.83378601074219","100.83378601074219","35.10519027709961","35.10519027709961","35.10519027709961"
"459","109.98963165283203","109.98963165283203","109.98963165283203","35.58736801147461","35.58736801147461","35.58736801147461"
"460","100.52664184570312","100.52664184570312","100.52664184570312","43.85689926147461","43.85689926147461","43.85689926147461"
"461","89.71398162841797","89.71398162841797","89.71398162841797","43.9306640625","43.9306640625","43.9306640625"
"462","100.22579956054688","100.22579956054688","100.22579956054688","49.91484069824219","49.91484069824219","49.91484069824219"
"463","96.07837677001953","96.07837677001953","96.07837677001953","40.94428253173828","40.94428253173828","40.94428253173828"
"464","120.80841064453125","120.80841064453125","120.80841064453125","37.12115478515625","37.12115478515625","37.12115478515625"
"465","95.4319839477539","95.4319839477539","95.4319839477539","44.16732406616211","44.16732406616211","44.16732406616211"
"466","110.53264617919922","110.53264617919922","110.53264617919922","45.26963806152344","45.26963806152344","45.26963806152344"
"467","114.89702606201172","114.89702606201172","114.89702606201172","33.24604034423828","33.24604034423828","33.24604034423828"
"468","99.46073150634766","99.46073150634766","99.46073150634766","34.203433990478516","34.203433990478516","34.203433990478516"
"469","108.12625122070312","108.12625122070312","108.12625122070312","48.56654357910156","48.56654357910156","48.56654357910156"
"470","105.94140625","105.94140625","105.94140625","42.85784149169922","42.85784149169922","42.85784149169922"
"471","109.26531982421875","109.26531982421875","109.26531982421875","40.084022521972656","40.084022521972656","40.084022521972656"
"472","127.95055389404297","127.95055389404297","127.95055389404297","43.8162956237793","43.8162956237793","43.8162956237793"
"473","107.62910461425781","107.62910461425781","107.62910461425781","45.61687469482422","45.61687469482422","45.61687469482422"
"474","92.45614624023438","92.45614624023438","92.45614624023438","43.061546325683594","43.061546325683594","43.061546325683594"
"475","105.46623229980469","105.46623229980469","105.46623229980469","47.04530334472656","47.04530334472656","47.04530334472656"
"476","97.12335205078125","97.12335205078125","97.12335205078125","51.31216049194336","51.31216049194336","51.31216049194336"
"477","106.88214874267578","106.88214874267578","106.88214874267578","45.85008239746094","45.85008239746094","45.85008239746094"
"478","99.70028686523438","99.70028686523438","99.70028686523438","46.21851348876953","46.21851348876953","46.21851348876953"
"479","109.30052947998047","109.30052947998047","109.30052947998047","45.783424377441406","45.783424377441406","45.783424377441406"
"480","109.52510070800781","109.52510070800781","109.52510070800781","46.936607360839844","46.936607360839844","46.936607360839844"
"481","121.8494644165039","121.8494644165039","121.8494644165039","45.71310806274414","45.71310806274414","45.71310806274414"
"482","118.45002746582031","118.45002746582031","118.45002746582031","40.6197395324707","40.6197395324707","40.6197395324707"
"483","106.62666320800781","106.62666320800781","106.62666320800781","40.85220718383789","40.85220718383789","40.85220718383789"
"484","132.45254516601562","132.45254516601562","132.45254516601562","39.675167083740234","39.675167083740234","39.675167083740234"
"485","120.52690124511719","120.52690124511719","120.52690124511719","38.383453369140625","38.383453369140625","38.383453369140625"
"486","117.33893585205078","117.33893585205078","117.33893585205078","41.76600646972656","41.76600646972656","41.76600646972656"
"487","104.28260040283203","104.28260040283203","104.28260040283203","43.77419662475586","43.77419662475586","43.77419662475586"
"488","116.5832748413086","116.5832748413086","116.5832748413086","45.93955612182617","45.93955612182617","45.93955612182617"
"489","106.64419555664062","106.64419555664062","106.64419555664062","41.851287841796875","41.851287841796875","41.851287841796875"
"490","113.48995208740234","113.48995208740234","113.48995208740234","45.628501892089844","45.628501892089844","45.628501892089844"
"491","115.57534790039062","115.57534790039062","115.57534790039062","26.397886276245117","26.397886276245117","26.397886276245117"
"492","133.4846954345703","133.4846954345703","133.4846954345703","49.36860656738281","49.36860656738281","49.36860656738281"
"493","121.38737487792969","121.38737487792969","121.38737487792969","43.958797454833984","43.958797454833984","43.958797454833984"
"494","130.27874755859375","130.27874755859375","130.27874755859375","42.62424087524414","42.62424087524414","42.62424087524414"
"495","107.1047592163086","107.1047592163086","107.1047592163086","44.37325668334961","44.37325668334961","44.37325668334961"
"496","101.58151245117188","101.58151245117188","101.58151245117188","38.005859375","38.005859375","38.005859375"
"497","132.036865234375","132.036865234375","132.036865234375","51.19322967529297","51.19322967529297","51.19322967529297"
"498","104.74031066894531","104.74031066894531","104.74031066894531","49.74742126464844","49.74742126464844","49.74742126464844"
"499","101.25765991210938","101.25765991210938","101.25765991210938","","",""
"500","107.66227722167969","107.66227722167969","107.66227722167969","54.86898422241211","54.86898422241211","54.86898422241211"
"501","121.30791473388672","121.30791473388672","121.30791473388672","","",""
"502","110.42597198486328","110.42597198486328","110.42597198486328","","",""
"503","101.83325958251953","101.83325958251953","101.83325958251953","","",""
"504","101.6576919555664","101.6576919555664","101.6576919555664","","",""
"505","110.46615600585938","110.46615600585938","110.46615600585938","","",""
"506","122.07373809814453","122.07373809814453","122.07373809814453","","",""
"507","122.36445617675781","122.36445617675781","122.36445617675781","","",""
"508","110.9849853515625","110.9849853515625","110.9849853515625","","",""
"509","102.71321105957031","102.71321105957031","102.71321105957031","","",""
"510","99.487548828125","99.487548828125","99.487548828125","","",""
"511","120.85743713378906","120.85743713378906","120.85743713378906","","",""
"512","108.14544677734375","108.14544677734375","108.14544677734375","","",""
"513","104.64432525634766","104.64432525634766","104.64432525634766","","",""
"514","128.2904510498047","128.2904510498047","128.2904510498047","","",""
"515","117.92811584472656","117.92811584472656","117.92811584472656","","",""
"516","107.66325378417969","107.66325378417969","107.66325378417969","","",""
"517","124.51976776123047","124.51976776123047","124.51976776123047","","",""
"518","126.4742202758789","126.4742202758789","126.4742202758789","","",""
"519","112.76326751708984","112.76326751708984","112.76326751708984","","",""
"520","124.65863037109375","124.65863037109375","124.65863037109375","","",""
"521","125.75879669189453","125.75879669189453","125.75879669189453","","",""
"522","119.985595703125","119.985595703125","119.985595703125","","",""
"523","129.44342041015625","129.44342041015625","129.44342041015625","","",""
"524","113.18387603759766","113.18387603759766","113.18387603759766","","",""
"525","106.99870300292969","106.99870300292969","106.99870300292969","","",""
"526","130.711669921875","130.711669921875","130.711669921875","","",""
"527","95.56729888916016","95.56729888916016","95.56729888916016","","",""
"528","106.65522766113281","106.65522766113281","106.65522766113281","","",""
"529","108.31727600097656","108.31727600097656","108.31727600097656","","",""
"530","127.9184341430664","127.9184341430664","127.9184341430664","","",""
"531","135.25094604492188","135.25094604492188","135.25094604492188","","",""
"532","121.29309844970703","121.29309844970703","121.29309844970703","","",""
"533","121.64503479003906","121.64503479003906","121.64503479003906","","",""
"534","130.51124572753906","130.51124572753906","130.51124572753906","","",""
"535","121.87429809570312","121.87429809570312","121.87429809570312","","",""
"536","123.13619232177734","123.13619232177734","123.13619232177734","","",""
"537","122.16943359375","122.16943359375","122.16943359375","","",""
"538","146.45848083496094","146.45848083496094","146.45848083496094","","",""
"539","119.42362976074219","119.42362976074219","119.42362976074219","","",""
"540","131.32901000976562","131.32901000976562","131.32901000976562","","",""
"541","108.81411743164062","108.81411743164062","108.81411743164062","","",""
"542","108.49739837646484","108.49739837646484","108.49739837646484","","",""
"543","114.17394256591797","114.17394256591797","114.17394256591797","","",""
"544","113.67315673828125","113.67315673828125","113.67315673828125","","",""
"545","129.04443359375","129.04443359375","129.04443359375","","",""
"546","102.77027893066406","102.77027893066406","102.77027893066406","","",""
"547","121.61537170410156","121.61537170410156","121.61537170410156","","",""
"548","109.80314636230469","109.80314636230469","109.80314636230469","","",""
"549","137.7213134765625","137.7213134765625","137.7213134765625","","",""
"550","111.13719940185547","111.13719940185547","111.13719940185547","","",""
"551","121.66773986816406","121.66773986816406","121.66773986816406","","",""
"552","123.20742797851562","123.20742797851562","123.20742797851562","","",""
"553","115.08885955810547","115.08885955810547","115.08885955810547","","",""
"554","122.59559631347656","122.59559631347656","122.59559631347656","","",""
"555","132.7665557861328","132.7665557861328","132.7665557861328","","",""
"556","98.28395080566406","98.28395080566406","98.28395080566406","","",""
"557","118.93519592285156","118.93519592285156","118.93519592285156","","",""
"558","125.90230560302734","125.90230560302734","125.90230560302734","","",""
"559","149.07725524902344","149.07725524902344","149.07725524902344","","",""
"560","115.94888305664062","115.94888305664062","115.94888305664062","","",""
"561","135.65208435058594","135.65208435058594","135.65208435058594","","",""
"562","121.51519012451172","121.51519012451172","121.51519012451172","","",""
"563","111.90026092529297","111.90026092529297","111.90026092529297","","",""
"564","125.78704071044922","125.78704071044922","125.78704071044922","","",""
"565","107.34136962890625","107.34136962890625","107.34136962890625","","",""
"566","96.88079071044922","96.88079071044922","96.88079071044922","","",""
"567","106.71965789794922","106.71965789794922","106.71965789794922","","",""
"568","118.00211334228516","118.00211334228516","118.00211334228516","","",""
"569","129.67222595214844","129.67222595214844","129.67222595214844","","",""
"570","123.57916259765625","123.57916259765625","123.57916259765625","","",""
"571","115.9297866821289","115.9297866821289","115.9297866821289","","",""
"572","118.78470611572266","118.78470611572266","118.78470611572266","","",""
"573","119.21138000488281","119.21138000488281","119.21138000488281","","",""
"574","120.78187561035156","120.78187561035156","120.78187561035156","","",""
"575","115.35089874267578","115.35089874267578","115.35089874267578","","",""
"576","110.31539916992188","110.31539916992188","110.31539916992188","","",""
"577","100.31912994384766","100.31912994384766","100.31912994384766","","",""
"578","127.69902038574219","127.69902038574219","127.69902038574219","","",""
"579","136.9064178466797","136.9064178466797","136.9064178466797","","",""
"580","110.87120819091797","110.87120819091797","110.87120819091797","","",""
"581","131.09898376464844","131.09898376464844","131.09898376464844","","",""
"582","130.75038146972656","130.75038146972656","130.75038146972656","","",""
"583","119.99394226074219","119.99394226074219","119.99394226074219","","",""
"584","117.37662506103516","117.37662506103516","117.37662506103516","","",""
"585","109.19889068603516","109.19889068603516","109.19889068603516","","",""
"586","124.70691680908203","124.70691680908203","124.70691680908203","","",""
"587","114.75482177734375","114.75482177734375","114.75482177734375","","",""
"588","110.68321990966797","110.68321990966797","110.68321990966797","","",""
"589","119.30572509765625","119.30572509765625","119.30572509765625","","",""
"590","133.3693084716797","133.3693084716797","133.3693084716797","","",""
"591","105.25265502929688","105.25265502929688","105.25265502929688","","",""
"592","122.55252838134766","122.55252838134766","122.55252838134766","","",""
"593","130.10960388183594","130.10960388183594","130.10960388183594","","",""
"594","125.01725006103516","125.01725006103516","125.01725006103516","","",""
"595","110.97364807128906","110.97364807128906","110.97364807128906","","",""
"596","113.01576232910156","113.01576232910156","113.01576232910156","","",""
"597","102.78146362304688","102.78146362304688","102.78146362304688","","",""
"598","120.06816864013672","120.06816864013672","120.06816864013672","","",""
"599","135.86468505859375","135.86468505859375","135.86468505859375","","",""
"600","117.09901428222656","117.09901428222656","117.09901428222656","","",""
"601","129.2917022705078","129.2917022705078","129.2917022705078","","",""
"602","116.2599105834961","116.2599105834961","116.2599105834961","","",""
"603","127.24231719970703","127.24231719970703","127.24231719970703","","",""
"604","117.37708282470703","117.37708282470703","117.37708282470703","","",""
"605","118.734619140625","118.734619140625","118.734619140625","","",""
"606","131.45281982421875","131.45281982421875","131.45281982421875","","",""
"607","126.12113189697266","126.12113189697266","126.12113189697266","","",""
"608","123.88651275634766","123.88651275634766","123.88651275634766","","",""
"609","127.17073822021484","127.17073822021484","127.17073822021484","","",""
"610","126.00389862060547","126.00389862060547","126.00389862060547","","",""
"611","134.5199432373047","134.5199432373047","134.5199432373047","","",""
"612","133.7711944580078","133.7711944580078","133.7711944580078","","",""
"613","112.67481994628906","112.67481994628906","112.67481994628906","","",""
"614","122.96048736572266","122.96048736572266","122.96048736572266","","",""
"615","116.31297302246094","116.31297302246094","116.31297302246094","","",""
"616","124.61074829101562","124.61074829101562","124.61074829101562","","",""
"617","129.8450164794922","129.8450164794922","129.8450164794922","","",""
"618","146.6068878173828","146.6068878173828","146.6068878173828","","",""
"619","139.69845581054688","139.69845581054688","139.69845581054688","","",""
"620","124.41901397705078","124.41901397705078","124.41901397705078","","",""
"621","115.17716217041016","115.17716217041016","115.17716217041016","","",""
"622","105.4000015258789","105.4000015258789","105.4000015258789","","",""
"623","138.1084747314453","138.1084747314453","138.1084747314453","","",""
"624","141.92990112304688","141.92990112304688","141.92990112304688","","",""
"625","137.40386962890625","137.40386962890625","137.40386962890625","","",""
"626","125.62300872802734","125.62300872802734","125.62300872802734","","",""
"627","121.38079071044922","121.38079071044922","121.38079071044922","","",""
"628","131.37701416015625","131.37701416015625","131.37701416015625","","",""
"629","122.81651306152344","122.81651306152344","122.81651306152344","","",""
"630","114.4836196899414","114.4836196899414","114.4836196899414","","",""
"631","112.85888671875","112.85888671875","112.85888671875","","",""
"632","132.0231170654297","132.0231170654297","132.0231170654297","","",""
"633","134.83334350585938","134.83334350585938","134.83334350585938","","",""
"634","126.90682983398438","126.90682983398438","126.90682983398438","","",""
"635","133.37240600585938","133.37240600585938","133.37240600585938","","",""
"636","128.3699951171875","128.3699951171875","128.3699951171875","","",""
"637","135.5252227783203","135.5252227783203","135.5252227783203","","",""
"638","120.89077758789062","120.89077758789062","120.89077758789062","","",""
"639","126.54885864257812","126.54885864257812","126.54885864257812","","",""
"640","125.90247344970703","125.90247344970703","125.90247344970703","","",""
"641","125.95933532714844","125.95933532714844","125.95933532714844","","",""
"642","133.1951904296875","133.1951904296875","133.1951904296875","","",""
"643","122.92838287353516","122.92838287353516","122.92838287353516","","",""
"644","109.58741760253906","109.58741760253906","109.58741760253906","","",""
"645","111.39537048339844","111.39537048339844","111.39537048339844","","",""
"646","123.63884735107422","123.63884735107422","123.63884735107422","","",""
"647","120.26842498779297","120.26842498779297","120.26842498779297","","",""
"648","90.4869384765625","90.4869384765625","90.4869384765625","","",""
"649","118.44658660888672","118.44658660888672","118.44658660888672","","",""
"650","115.74090576171875","115.74090576171875","115.74090576171875","","",""
"651","123.64682006835938","123.64682006835938","123.64682006835938","","",""
"652","90.48451232910156","90.48451232910156","90.48451232910156","","",""
"653","135.63870239257812","135.63870239257812","135.63870239257812","","",""
"654","122.20695495605469","122.20695495605469","122.20695495605469","","",""
"655","122.79849243164062","122.79849243164062","122.79849243164062","","",""
"656","133.54637145996094","133.54637145996094","133.54637145996094","","",""
"657","103.7384033203125","103.7384033203125","103.7384033203125","","",""
"658","125.56327819824219","125.56327819824219","125.56327819824219","","",""
"659","111.15151977539062","111.15151977539062","111.15151977539062","","",""
"660","104.48469543457031","104.48469543457031","104.48469543457031","","",""
"661","105.00328826904297","105.00328826904297","105.00328826904297","","",""
"662","92.0235595703125","92.0235595703125","92.0235595703125","","",""
"663","117.18942260742188","117.18942260742188","117.18942260742188","","",""
"664","130.0626678466797","130.0626678466797","130.0626678466797","","",""
"665","125.29033660888672","125.29033660888672","125.29033660888672","","",""
"666","120.52729797363281","120.52729797363281","120.52729797363281","","",""
"667","131.03245544433594","131.03245544433594","131.03245544433594","","",""
"668","113.05110168457031","113.05110168457031","113.05110168457031","","",""
"669","126.36729431152344","126.36729431152344","126.36729431152344","","",""
"670","133.13465881347656","133.13465881347656","133.13465881347656","","",""
"671","147.00497436523438","147.00497436523438","147.00497436523438","","",""
"672","140.0892333984375","140.0892333984375","140.0892333984375","","",""
"673","121.98831176757812","121.98831176757812","121.98831176757812","","",""
"674","145.2510223388672","145.2510223388672","145.2510223388672","","",""
"675","105.54920959472656","105.54920959472656","105.54920959472656","","",""
"676","120.88447570800781","120.88447570800781","120.88447570800781","","",""
"677","121.32177734375","121.32177734375","121.32177734375","","",""
"678","140.6414031982422","140.6414031982422","140.6414031982422","","",""
"679","106.58430480957031","106.58430480957031","106.58430480957031","","",""
"680","106.94828796386719","106.94828796386719","106.94828796386719","","",""
"681","118.89353942871094","118.89353942871094","118.89353942871094","","",""
"682","125.8226089477539","125.8226089477539","125.8226089477539","","",""
"683","119.28150177001953","119.28150177001953","119.28150177001953","","",""
"684","119.12080383300781","119.12080383300781","119.12080383300781","","",""
"685","131.2220916748047","131.2220916748047","131.2220916748047","","",""
"686","124.42515563964844","124.42515563964844","124.42515563964844","","",""
"687","120.10480499267578","120.10480499267578","120.10480499267578","","",""
"688","117.19210052490234","117.19210052490234","117.19210052490234","","",""
"689","108.69589233398438","108.69589233398438","108.69589233398438","","",""
"690","93.04551696777344","93.04551696777344","93.04551696777344","","",""
"691","131.44834899902344","131.44834899902344","131.44834899902344","","",""
"692","136.68621826171875","136.68621826171875","136.68621826171875","","",""
"693","116.32202911376953","116.32202911376953","116.32202911376953","","",""
"694","140.731689453125","140.731689453125","140.731689453125","","",""
"695","120.22394561767578","120.22394561767578","120.22394561767578","","",""
"696","123.49443817138672","123.49443817138672","123.49443817138672","","",""
"697","105.86580657958984","105.86580657958984","105.86580657958984","","",""
"698","130.90663146972656","130.90663146972656","130.90663146972656","","",""
"699","133.90846252441406","133.90846252441406","133.90846252441406","","",""
"700","113.02710723876953","113.02710723876953","113.02710723876953","","",""
"701","113.9934310913086","113.9934310913086","113.9934310913086","","",""
"702","125.81690979003906","125.81690979003906","125.81690979003906","","",""
"703","153.36512756347656","153.36512756347656","153.36512756347656","","",""
"704","125.02166748046875","125.02166748046875","125.02166748046875","","",""
"705","128.8985137939453","128.8985137939453","128.8985137939453","","",""
"706","135.94825744628906","135.94825744628906","135.94825744628906","","",""
"707","119.30933380126953","119.30933380126953","119.30933380126953","","",""
"708","110.24945831298828","110.24945831298828","110.24945831298828","","",""
"709","130.50650024414062","130.50650024414062","130.50650024414062","","",""
"710","129.21450805664062","129.21450805664062","129.21450805664062","","",""
"711","113.51840209960938","113.51840209960938","113.51840209960938","","",""
"712","141.7181396484375","141.7181396484375","141.7181396484375","","",""
"713","134.76968383789062","134.76968383789062","134.76968383789062","","",""
"714","131.14285278320312","131.14285278320312","131.14285278320312","","",""
"715","84.15321350097656","84.15321350097656","84.15321350097656","","",""
"716","107.39876556396484","107.39876556396484","107.39876556396484","","",""
"717","120.02294921875","120.02294921875","120.02294921875","","",""
"718","132.92007446289062","132.92007446289062","132.92007446289062","","",""
"719","136.8313446044922","136.8313446044922","136.8313446044922","","",""
"720","132.05755615234375","132.05755615234375","132.05755615234375","","",""
"721","150.03762817382812","150.03762817382812","150.03762817382812","","",""
"722","148.40721130371094","148.40721130371094","148.40721130371094","","",""
"723","145.8234100341797","145.8234100341797","145.8234100341797","","",""
"724","140.7213134765625","140.7213134765625","140.7213134765625","","",""
"725","113.2540283203125","113.2540283203125","113.2540283203125","","",""
"726","128.66275024414062","128.66275024414062","128.66275024414062","","",""
"727","122.91168212890625","122.91168212890625","122.91168212890625","","",""
"728","139.5648193359375","139.5648193359375","139.5648193359375","","",""
"729","133.97157287597656","133.97157287597656","133.97157287597656","","",""
"730","108.63115692138672","108.63115692138672","108.63115692138672","","",""
"731","132.6556854248047","132.6556854248047","132.6556854248047","","",""
"732","111.92156219482422","111.92156219482422","111.92156219482422","","",""
"733","120.52241516113281","120.52241516113281","120.52241516113281","","",""
"734","143.14952087402344","143.14952087402344","143.14952087402344","","",""
"735","120.12008666992188","120.12008666992188","120.12008666992188","","",""
"736","132.69418334960938","132.69418334960938","132.69418334960938","","",""
"737","128.7666015625","128.7666015625","128.7666015625","","",""
"738","136.36721801757812","136.36721801757812","136.36721801757812","","",""
"739","122.2861328125","122.2861328125","122.2861328125","","",""
"740","135.73153686523438","135.73153686523438","135.73153686523438","","",""
"741","142.26376342773438","142.26376342773438","142.26376342773438","","",""
"742","151.58538818359375","151.58538818359375","151.58538818359375","","",""
"743","127.5108413696289","127.5108413696289","127.5108413696289","","",""
"744","127.23413848876953","127.23413848876953","127.23413848876953","","",""
"745","101.93864440917969","101.93864440917969","101.93864440917969","","",""
"746","157.1160125732422","157.1160125732422","157.1160125732422","","",""
"747","128.55255126953125","128.55255126953125","128.55255126953125","","",""
"748","151.76620483398438","151.76620483398438","151.76620483398438","","",""
"750","127.44766998291016","127.44766998291016","127.44766998291016","","",""