timestamp,tcp_x,tcp_y,tcp_z,tcp_rx,tcp_ry,tcp_rz,fx,fy,fz,tx,ty,tz
0.11106038093566895,0.5059483051300049,-0.3019280433654785,0.055926475673913956,0.004259887151420116,-0.0011909760069102049,0.9999865293502808,0.12647744114868892,0.1542293049190623,1.3345028971222557,0.003377698315731113,-0.015113665183490936,0.0251362068198489
0.11365938186645508,0.5059722065925598,-0.30193623900413513,0.05592970550060272,0.0042898086830973625,-0.0011315490119159222,0.999986469745636,0.023990653303198783,-0.010260178024711396,1.2243593408988447,0.009391450330727672,-0.010496793549517268,0.025457257801401213
0.11988663673400879,0.5059293508529663,-0.30194273591041565,0.05587472394108772,0.004241290967911482,-0.0011319896439090371,0.9999865293502808,-0.1190639366033591,0.048123874262112364,1.4641161628211727,0.004506529582833834,-0.017455597235684926,0.024458073871487865
0.13984394073486328,0.50593501329422,-0.3019499182701111,0.055814266204833984,0.00421661464497447,-0.001121259294450283,0.9999865293502808,0.644714683918016,-0.4678392717524818,1.582678478900785,-0.01001612082836439,-0.04120968061283352,0.024169427773479645
0.1600358486175537,0.5059531331062317,-0.3019886016845703,0.05570998415350914,0.0041784681379795074,-0.0011077860835939646,0.9999865889549255,-0.273100862231873,0.9031424961746869,0.5418706904013466,0.02797665145967397,0.006010967782945008,0.019600876301471178
0.17984676361083984,0.5059452652931213,-0.301847368478775,0.055601224303245544,0.004061286337673664,-0.0011950371554121375,0.9999867677688599,-0.5351516921814834,-1.9538812656077582,1.7018854338238114,-0.06059980119069756,-0.01425953901922432,0.022935312495637995
0.19963788986206055,0.5059352517127991,-0.30185285210609436,0.0554698221385479,0.004024570342153311,-0.0011803391389548779,0.9999865293502808,2.434845301829306,5.295126249195815,0.7028479492012704,0.15433567807916782,-0.06241783181874829,0.025761402366825486
0.2198491096496582,0.5059391260147095,-0.3019160330295563,0.055441949516534805,0.00395769439637661,-0.0011893908958882093,0.999987006187439,-1.8613453860047466,-8.045274579800306,1.090911897992687,-0.23819790194432844,0.01970134446086701,0.021293350000072746
0.23983478546142578,0.5059759020805359,-0.3016849756240845,0.055290717631578445,0.003913587424904108,-0.0012758856173604727,0.9999865293502808,2.6219595055018403,8.213957650688304,2.2815409526447894,0.22677128720928041,-0.04368848367241508,0.02996753927819703
0.2598991394042969,0.5060747265815735,-0.3018629252910614,0.05521349608898163,0.0039017857052385807,-0.0012898724526166916,0.9999868273735046,-0.21468868391327098,-7.8503789992193145,0.8932376016198417,-0.22252231720017002,-0.06478548377205681,0.01828594717387973
0.27985382080078125,0.5059595108032227,-0.301657110452652,0.05500705540180206,0.0037533710710704327,-0.0013009462272748351,0.9999865889549255,0.6225143118651781,7.273598133390319,1.5979064981808402,0.19268843028878047,0.051165282043052256,0.03168760260037093
0.29990148544311523,0.5061073303222656,-0.3017822504043579,0.05495806410908699,0.0037766171153634787,-0.0013483563670888543,0.9999868869781494,1.5072874953583142,-6.1778605567287865,1.6857652064843853,-0.1881683215337893,-0.12936071096733143,0.01820272453943673
0.31998276710510254,0.5059157013893127,-0.30154865980148315,0.05465491861104965,0.0034962384961545467,-0.0013667074963450432,0.9999867081642151,-0.5684694567430033,6.014387207324486,0.8753887978934466,0.16832200758557941,0.08769367907944763,0.0259866978323364
0.34007811546325684,0.5060431957244873,-0.3016674816608429,0.05457242950797081,0.0035451138392090797,-0.0013592576142400503,0.9999868273735046,1.9952547731379173,-6.3115209876411456,1.599114797375659,-0.18592029080549927,-0.14117797680510075,0.017324617730923406
0.35976696014404297,0.5058701634407043,-0.3014434278011322,0.05428471788764,0.003267357824370265,-0.00137615657877177,0.9999865293502808,-1.1487749627610597,6.090964310822526,0.7649880951690227,0.1769335098594833,0.10882461067304847,0.024127468778364212
0.37978291511535645,0.5059734582901001,-0.3016364574432373,0.054221801459789276,0.0033134915865957737,-0.001352835912257433,0.9999869465827942,2.149351534933604,-5.653635467320929,1.440691344548277,-0.1704596348431683,-0.13773860879132127,0.018057019377862263
0.3998124599456787,0.5057831406593323,-0.301371693611145,0.053966134786605835,0.0030307285487651825,-0.0013699501287192106,0.9999864101409912,-1.4807559658746132,6.131913988564419,0.8943967419339661,0.17292451531155859,0.11777233640160313,0.026402524069840356
0.41968560218811035,0.5059166550636292,-0.301521360874176,0.0539279505610466,0.003101538633927703,-0.0013924571685492992,0.9999866485595703,2.121116694625475,-5.22125626108594,1.4779262211935733,-0.16373292534262152,-0.14046832980134044,0.023610392129151548
0.43983912467956543,0.5057305097579956,-0.30126941204071045,0.05364449694752693,0.0028109075501561165,-0.0014248997904360294,0.9999861717224121,-1.5348140636413414,5.598747291854274,0.6456398370910428,0.17598244768461196,0.12185269373839148,0.026437312705304725
0.45984888076782227,0.5058861374855042,-0.30144891142845154,0.05363235995173454,0.0029175993986427784,-0.001415154431015253,0.999986469745636,1.5794138297097293,-5.294856656480649,1.6383254383602897,-0.16404129130405878,-0.1371158165079952,0.01756638385021536
0.4803128242492676,0.5056793093681335,-0.3012479841709137,0.05334758013486862,0.0026583203580230474,-0.0013842538464814425,0.999985933303833,-1.6144592850889072,6.11960389083424,0.7793142708335069,0.18452314567285888,0.11875250463941535,0.027257501070112083
0.5001654624938965,0.5058114528656006,-0.3014478087425232,0.05330590531229973,0.002731872256845236,-0.0013678735122084618,0.9999862313270569,1.875375298948919,-5.690701280678144,1.7329062901864356,-0.17031037719506065,-0.12933293734901358,0.02054569357787062
0.5199882984161377,0.5056426525115967,-0.30118194222450256,0.05301773175597191,0.0024326578713953495,-0.0014240965247154236,0.9999855160713196,-1.3784362051421288,6.340413543369544,0.8702535526389217,0.18813454129456791,0.12785394336454087,0.025375146827652014
0.5400125980377197,0.5057576894760132,-0.3013461232185364,0.05298078805208206,0.0024965538177639246,-0.0013875496806576848,0.9999858736991882,1.6058526512383782,-5.773808377440146,1.603837541634578,-0.181809752472663,-0.13156886697719974,0.019141882298309595
0.5600166320800781,0.5055904388427734,-0.30110958218574524,0.05270721763372421,0.0022229691967368126,-0.001412024605087936,0.9999851584434509,-1.5630377837641516,6.209595115876773,0.8706764204643788,0.18048125995089884,0.12466483306418674,0.028307346393179774
0.5798804759979248,0.5056868195533752,-0.3013187646865845,0.052618689835071564,0.002258612774312496,-0.0013781699817627668,0.9999855160713196,1.5249192782242786,-5.415793538116866,1.4296662263731807,-0.16605993758564533,-0.1260197588904224,0.018660689155187288
0.5997259616851807,0.5055504441261292,-0.3010525107383728,0.05240505933761597,0.002041890751570463,-0.0014190056826919317,0.9999844431877136,-1.2942591350575097,6.323374789054151,0.7618740165609965,0.18312176197383045,0.12853577551656575,0.026013098992846217
0.6198773384094238,0.5056784152984619,-0.30122995376586914,0.05238017067313194,0.0021113897673785686,-0.0014040855458006263,0.9999850392341614,1.6391050163220768,-5.9262690670140525,1.440060117801139,-0.17389529554842467,-0.12474998755599133,0.01730775525649582
0.6397712230682373,0.5054628252983093,-0.30100539326667786,0.0520833395421505,0.0018142015906050801,-0.0014381048968061805,0.9999840259552002,-1.3928404204961433,5.751393172123218,0.7143009437235112,0.16947015087352232,0.12415319271563517,0.027131167009010727
0.6596975326538086,0.5055763721466064,-0.3011721968650818,0.05203188955783844,0.0018795281648635864,-0.001419253647327423,0.9999844431877136,1.6582728915792773,-5.949812097628816,1.2739223183633097,-0.18318845657910252,-0.13237303408218315,0.01874886653522967
0.6798417568206787,0.5054187774658203,-0.30092138051986694,0.05176497995853424,0.00161857926286757,-0.0014208137290552258,0.9999831914901733,-1.6460066992152573,5.43678845634562,0.6727164310347912,0.1638867788452753,0.12788649003780075,0.02450951414941804
0.6996798515319824,0.505541980266571,-0.30107399821281433,0.05168357491493225,0.0016761573497205973,-0.0014356599422171712,0.9999836087226868,2.0587051605048234,-4.907087994888159,1.7191326339223556,-0.16380289143039198,-0.15354372441930714,0.018290205306143247
0.7198512554168701,0.5053474307060242,-0.3008447587490082,0.05143112316727638,0.0013836181024089456,-0.0014605646720156074,0.9999823570251465,-1.7436521149757054,5.935842935813912,0.18768236681558642,0.17701569735131498,0.12333776498102444,0.02929331901713818
0.7398781776428223,0.5054935216903687,-0.3010072410106659,0.0513971745967865,0.001471713650971651,-0.0014573393855243921,0.9999828338623047,1.825249340487331,-5.242334779741787,1.6162527071169899,-0.16539445583192083,-0.12535083380770692,0.017315839423198413
0.7599244117736816,0.5053299069404602,-0.30076900124549866,0.051113951951265335,0.0012222088407725096,-0.0014584363671019673,0.9999813437461853,-1.547129491498461,6.014251592855151,0.6948370920381972,0.1728892617452016,0.1256750921114857,0.025348822297166635
0.7801141738891602,0.5054482817649841,-0.3009522557258606,0.05104554444551468,0.001253084046766162,-0.001445658621378243,0.9999820590019226,1.3989297169998292,-5.356174311905978,1.5638498473437836,-0.1763029290561053,-0.11837958038354066,0.021681678785677463
0.7999038696289062,0.5052724480628967,-0.3007281422615051,0.050750065594911575,0.000978783587925136,-0.001467728754505515,0.9999803900718689,-1.3484306567269204,6.02013553264496,0.50075569087792,0.1835188748703008,0.12183991386419249,0.025693844650846516
0.8197207450866699,0.505359411239624,-0.3009012043476105,0.05067121237516403,0.0010021486086770892,-0.001450068550184369,0.9999809861183167,1.4930133633354712,-5.876241559144748,1.6717013496932431,-0.17671959186841757,-0.12601468925509185,0.021140062946110517
0.8398170471191406,0.5052204728126526,-0.30061814188957214,0.050431691110134125,0.000759677030146122,-0.001497579738497734,0.9999791979789734,-1.2265318708961388,6.279159823819173,0.6212187386284873,0.18210624172914822,0.11331310208781806,0.0300590226500651
0.8598299026489258,0.5053549408912659,-0.3007964491844177,0.050363361835479736,0.0008295336738228798,-0.0014568680198863149,0.9999797940254211,1.4244085194522182,-5.902945699858502,1.5141432538374267,-0.185818908670844,-0.12449528991965249,0.01916809705863893
0.8798685073852539,0.5051348805427551,-0.3005615472793579,0.05005543678998947,0.0005148212076164782,-0.0015012467047199607,0.9999778866767883,-1.2967297850465804,6.325285614276638,0.6941769798976799,0.18095589535758852,0.12239788144465684,0.026626741449937846
0.9001932144165039,0.5052883625030518,-0.3007510006427765,0.050054728984832764,0.0006317654624581337,-0.0014747828245162964,0.9999788403511047,1.354056077722406,-5.699500962216324,1.6482969946913342,-0.18364957801534282,-0.12712680820292593,0.02063784156248021
0.9200115203857422,0.5051018595695496,-0.30053603649139404,0.049787141382694244,0.00035996834049001336,-0.0014589199563488364,0.9999768733978271,-1.245722468178856,6.348015886660155,0.5975692002155211,0.1807103161466173,0.11858426307369684,0.02660635417975993
0.9399294853210449,0.5052301287651062,-0.3006730079650879,0.0497337281703949,0.00040967861423268914,-0.0015085702762007713,0.9999776482582092,1.3860036907616837,-5.878517909961519,1.5376163480482594,-0.18765782438844814,-0.12389463583208966,0.01689608817169503
0.9600324630737305,0.5050397515296936,-0.3004492223262787,0.049468573182821274,0.00014980236301198602,-0.0015041171573102474,0.9999755024909973,-1.452062578669639,6.223178727363755,0.8602112096385373,0.17947545372196028,0.11364670980989741,0.025889993145896895
0.9800336360931396,0.5051551461219788,-0.30063822865486145,0.04938073456287384,0.0001760284067131579,-0.001444109482690692,0.999976396560669,1.7593777596219013,-5.653222312505812,1.6709968417409886,-0.1858021306906887,-0.13119024296965856,0.019695311306742236
1.00008225440979,0.5049887895584106,-0.3003667891025543,0.049138572067022324,8.232990512624383e-05,0.0015238287160173059,-0.9999741315841675,-1.458171877643722,6.0439853840831335,0.6791162163394538,0.1797437464630737,0.1354676772722465,0.028053854795591426
1.0197923183441162,0.5051561594009399,-0.3005853295326233,0.04907127097249031,3.273884431109764e-05,-0.0015022981679067016,0.9999750256538391,1.8048535381526378,-5.66120426282377,1.5591020629526546,-0.1773878334019458,-0.12572275931500818,0.021540073250855177
1.0400636196136475,0.5049257278442383,-0.3003074526786804,0.04876631125807762,0.0002994100213982165,0.001501099206507206,-0.9999723434448242,-1.6829519641901376,5.663121502108682,0.5892477898279541,0.1747618346634107,0.14002664140960408,0.02764491229157395
1.0599844455718994,0.5050661563873291,-0.3004692494869232,0.04868472367525101,0.0002458850503899157,0.0015209009870886803,-0.9999731779098511,2.0978317019611135,-5.052318783635465,1.5357255324152819,-0.16837771333175847,-0.12898458217819328,0.021803637129772648
1.0799760818481445,0.5048995018005371,-0.3002253472805023,0.04842710494995117,0.0005235234857536852,0.0015507170464843512,-0.9999707937240601,-1.7419066268463068,5.871497729053094,0.41140107926039354,0.172352750226617,0.14536960308623945,0.024045362902545817
1.100097894668579,0.505013108253479,-0.3003588318824768,0.048341017216444016,0.00047405160148628056,0.0015226007672026753,-0.999971330165863,1.9678754910619656,-5.4397500981258995,1.7540010321898158,-0.1687211194926041,-0.13848400663782415,0.01925565261690371
1.1200711727142334,0.5048221945762634,-0.3001379668712616,0.04806952178478241,0.0007451335550285876,0.0015424741432070732,-0.9999688863754272,-1.413753365166795,5.450126659882397,0.5320102887206961,0.1694715691850961,0.10900560428557658,0.029002280482158527
1.1400070190429688,0.5049605369567871,-0.3003111183643341,0.048011042177677155,0.0006916085258126259,0.001556134782731533,-0.9999698996543884,1.6926983431990108,-5.702284058286564,1.4015372867259286,-0.16371425584253907,-0.12285253906073816,0.02066363467098347
1.1596815586090088,0.5047749280929565,-0.2999931573867798,0.04768148809671402,0.0010031022829934955,0.001561985700391233,-0.9999664425849915,-1.4673614653123312,6.14998289332669,0.553994361002496,0.18296936782430281,0.11990651562001148,0.0226691785499156
1.180145025253296,0.5048574209213257,-0.30016809701919556,0.04759078472852707,0.0009860553545877337,0.001546728890389204,-0.999967098236084,1.644517508865955,-5.205367055298423,1.5249934719567355,-0.16049781449620176,-0.12600428212449352,0.018530835156669204
1.1999752521514893,0.5047026872634888,-0.2999769151210785,0.047395505011081696,0.0011916912626475096,0.0015664943493902683,-0.9999649524688721,-1.9425794610160447,6.036811512333426,0.4045808776404596,0.17937534904648444,0.1283830051226711,0.0275075477998506
1.2201874256134033,0.504813551902771,-0.300113707780838,0.047305282205343246,0.001158789498731494,0.0015367671148851514,-0.9999655485153198,1.6601713941098335,-5.528138981629356,1.614454110524444,-0.16029645133589515,-0.12871167538944472,0.019932992518467446
1.239966630935669,0.5046445727348328,-0.29990485310554504,0.04709414020180702,0.0013949429849162698,0.0015833898214623332,-0.9999632835388184,-1.3829716480260468,6.016458495549883,0.685762784759195,0.17074558352459457,0.12682674834147845,0.025163143562750824
1.2599809169769287,0.5047576427459717,-0.3000413179397583,0.046990007162094116,0.0013765847543254495,0.0015619831392541528,-0.9999638795852661,1.6631080548641435,-5.475355141512215,1.4332594498869966,-0.17345321415157958,-0.12013665010445158,0.01939236766967034
1.2801239490509033,0.5045661330223083,-0.2997994124889374,0.04671693965792656,0.001648023957386613,0.0015812908532097936,-0.9999606013298035,-1.6470003898067374,5.831226288295446,0.6189436070835437,0.16420072838254024,0.1257978095058765,0.026077676281142183
1.3000290393829346,0.5046700239181519,-0.29995232820510864,0.04662991687655449,0.0016144069377332926,0.0015745089622214437,-0.9999614357948303,1.6289513967203917,-5.519526871001827,1.6338855610164607,-0.1707844038272565,-0.13003485719341967,0.017901257237350945
1.320119857788086,0.5044934153556824,-0.2997523248195648,0.04639250785112381,0.0018530635861679912,0.0015989260282367468,-0.9999584555625916,-1.385682740579789,5.9508455269085285,0.49106856078534644,0.1698973964939179,0.11755996511323497,0.02420116235533376
1.3399720191955566,0.5046494007110596,-0.2998557686805725,0.046345196664333344,0.001779511570930481,0.0015969278756529093,-0.999959409236908,1.4470994251187912,-5.866830631651447,1.578244212209074,-0.1786049847508283,-0.11983689671756934,0.01931611638076055
1.3599982261657715,0.5044304728507996,-0.29961031675338745,0.04604780673980713,0.0020851637236773968,0.0016241223784163594,-0.999955952167511,-1.3055408003263542,5.885884116904541,0.6137609171843279,0.17695671317754935,0.11398693615673987,0.026416578195010424
1.3799724578857422,0.5045394897460938,-0.2997550964355469,0.045982129871845245,0.0020373607985675335,0.0016266272868961096,-0.9999570250511169,1.712473316651338,-5.525859560513437,1.2815644594224074,-0.17052755323082755,-0.12888730159795656,0.01928420608614009
1.4001479148864746,0.5043754577636719,-0.29951274394989014,0.045753709971904755,0.0022840045858174562,0.0016336594708263874,-0.9999539852142334,-1.2906457070812611,5.859229544786151,0.5913010694815259,0.17060186405032288,0.12246131439548501,0.025657221334760977
1.420302152633667,0.504491925239563,-0.2996508479118347,0.0456375926733017,0.002244546078145504,0.0016589212464168668,-0.9999546408653259,1.6219284987118328,-5.3202838952610945,1.532099788511229,-0.16765291595482032,-0.13609380951073105,0.017268655269590885
1.4401350021362305,0.5042917728424072,-0.2994212210178375,0.04538777098059654,0.002513243118301034,0.0016700824489817023,-0.9999509453773499,-1.368989629859434,5.705395497636987,0.5090447223997745,0.1687909287220317,0.1212004069667583,0.02371643521841743
1.4599380493164062,0.504408597946167,-0.29956281185150146,0.045323580503463745,0.0024671093560755253,0.0016468840185552835,-0.9999521374702454,1.5361216941467428,-5.378568301807366,1.6282690685176204,-0.16779107971454119,-0.13052580800996494,0.01927663936737601
1.480146884918213,0.504222571849823,-0.2992616593837738,0.04502487927675247,0.002748799743130803,0.0017146602040156722,-0.9999478459358215,-1.1829293691145708,6.029493369554301,0.33955168015083,0.18207135951399284,0.11206530721893673,0.022422939538477377
1.4998714923858643,0.5043390393257141,-0.299427330493927,0.04498649761080742,0.002711606677621603,0.0017212049569934607,-0.9999493360519409,1.5157296912750378,-6.198739286475901,1.7742644954079905,-0.18934327186079464,-0.13092042112270702,0.01565734325156049
1.5197081565856934,0.5041691660881042,-0.2992101311683655,0.0447600856423378,0.002939653117209673,0.0017063115956261754,-0.9999459981918335,-1.0761130452624368,6.1266175497700655,0.9154595031911135,0.17502567061410143,0.10079368095873642,0.023693432316057257
1.539935827255249,0.5042436718940735,-0.29934409260749817,0.04462021216750145,0.002945494372397661,0.0016833002446219325,-0.9999462366104126,1.706535106226592,-5.469427277327126,1.704535205519931,-0.1649032181010817,-0.12504232839181872,0.01714405848242869
1.5602149963378906,0.5040913820266724,-0.29911482334136963,0.04440182074904442,0.0031651961617171764,0.0016986177070066333,-0.9999428391456604,-1.3325136204489005,6.164796563110968,0.6799839039689418,0.18538938318292753,0.11604099556791567,0.026163661431942646
1.5799827575683594,0.5041918158531189,-0.29925861954689026,0.044362787157297134,0.0031147708650678396,0.0017250343225896358,-0.9999441504478455,1.4267285652673767,-5.513035315867263,1.7143177367199627,-0.17342103023055153,-0.12275542359926359,0.018499699219234216
1.6003117561340332,0.5040099024772644,-0.29903972148895264,0.044124048203229904,0.0033585524652153254,0.0017270635580644011,-0.9999404549598694,-1.281503675669056,5.8444945185859,0.5722581659466592,0.1656286686149112,0.10170307815829861,0.02544457802178102
1.6199736595153809,0.5041247606277466,-0.29917916655540466,0.04404674097895622,0.0033200480975210667,0.001724584144540131,-0.999941349029541,1.3272574979260403,-6.042121173687828,1.5972005170301693,-0.17654758062697856,-0.11934354921972645,0.021965259998425555
1.640268325805664,0.5039193034172058,-0.2989198863506317,0.04378236085176468,0.003568955697119236,0.0017362806247547269,-0.9999369382858276,-1.080414668766172,6.207988601995188,0.6957712026008931,0.17376708849242958,0.10037910981321559,0.026125920639474432
1.6600227355957031,0.5040251612663269,-0.29903310537338257,0.04372233524918556,0.003543444909155369,0.0017424183897674084,-0.9999383091926575,1.2026430907087082,-6.098456744415436,1.3858536478753516,-0.1770146501865479,-0.11580498184854851,0.016564986377545093
1.6799306869506836,0.5038512945175171,-0.2987922430038452,0.04346223920583725,0.0037851997185498476,0.0017469015438109636,-0.9999340176582336,-1.1490652425440537,5.797969683455567,0.854135772854755,0.16299764629632377,0.10184355978702087,0.027042007451657295
1.6998791694641113,0.5039601922035217,-0.2989141643047333,0.043401725590229034,0.003751582931727171,0.0017793925944715738,-0.9999352097511292,1.6774210725612484,-5.365364529600254,1.598573418461561,-0.17335727601589226,-0.12421837825508603,0.01979920788092558
1.720038652420044,0.5037564039230347,-0.2986859083175659,0.043193597346544266,0.003995721694082022,0.0017655265983194113,-0.9999314546585083,-1.056144234733421,5.532848756282247,0.7885981860040063,0.16541922254825586,0.1051612498831954,0.027155935843067452
1.7398691177368164,0.5038424134254456,-0.29881417751312256,0.043122436851263046,0.003976171836256981,0.001773544936440885,-0.9999322891235352,1.4642967971266605,-5.375660045907816,1.6519162575686268,-0.16874740011850947,-0.1088670891252468,0.015115051749213257
1.7599937915802002,0.5036671161651611,-0.2985694110393524,0.04287763684988022,0.004213038366287947,0.0017824345268309116,-0.9999278783798218,-1.2053524342318354,5.830364384168934,0.7573057159909123,0.16756239839649786,0.10983070299397613,0.02347886105183594
1.7798779010772705,0.5037420988082886,-0.2986997961997986,0.04280973970890045,0.004163447767496109,0.0017781071364879608,-0.9999290704727173,1.296703125286026,-5.465306188811947,1.5208815536741493,-0.17264910428977967,-0.11405519146750644,0.017075005415155258
1.7999937534332275,0.5035930871963501,-0.29847609996795654,0.04261012375354767,0.00437861867249012,0.0017817245097830892,-0.999925434589386,-1.529396839557923,5.5396038623006625,1.4949497335956954,0.17749893991015958,0.14876063284186397,0.02080564486677971
1.8199570178985596,0.5037161111831665,-0.29869943857192993,0.04261680319905281,0.0042523774318397045,0.0017424755496904254,-0.9999279975891113,-0.37487762456140267,-5.259693063024441,10.025178374482422,-0.21170767509826607,-0.10150063828139323,0.021305134800873492
1.8396799564361572,0.5033974051475525,-0.2987895905971527,0.042673591524362564,0.00431186193600297,0.0015041643055155873,-0.9999271035194397,2.6424247330571298,8.614724452745461,2.3790732468350577,0.22897255879778425,-0.0509212245426097,0.0177552629613059
1.8599636554718018,0.503142237663269,-0.29911354184150696,0.04266395419836044,0.004464686848223209,0.0012319555971771479,-0.9999279379844666,-3.9219671046722855,-9.199708348286997,0.824648935304121,-0.2739955442892149,0.07988517256506016,0.027663187407450832
1.8799357414245605,0.5032268762588501,-0.2989833354949951,0.04260454699397087,0.004368724301457405,0.0012906505726277828,-0.999927282333374,2.9638067859952026,7.77178193582669,3.177709574067338,0.2144777474651361,-0.07074678146499777,0.01592497108626721
1.8999598026275635,0.5033519268035889,-0.2990991473197937,0.042655594646930695,0.004315438214689493,0.001346754957921803,-0.9999295473098755,-0.09368474997847709,-7.320459915418794,4.249380646464568,-0.23658330688207152,-0.11198382062280748,0.017677072969799437
1.9199745655059814,0.5032801032066345,-0.2991258502006531,0.04270673915743828,0.004244986455887556,0.0012583774514496326,-0.9999297261238098,1.1941215122034383,6.033314251321756,2.501704853158994,0.15036075119201128,0.006730164528443601,0.0201148257542006
1.9401099681854248,0.5032475590705872,-0.29927927255630493,0.04262509196996689,0.004346671048551798,0.0012100590392947197,-0.9999298453330994,-0.6638544406893122,-7.640951630859163,1.542547366957489,-0.2435478246688251,-0.057733581445203255,0.019127124757887835
1.9603171348571777,0.5032832622528076,-0.29915812611579895,0.04260949417948723,0.004273596219718456,0.0012423018924891949,-0.9999294877052307,0.5102436046249412,5.51807425196865,3.3765434265636665,0.13505515538252233,0.001534186311012854,0.023621405985455524
1.979973316192627,0.5033788084983826,-0.29928097128868103,0.04255484789609909,0.004245701711624861,0.0012621066998690367,-0.9999307990074158,0.2848931136980378,-4.67002895123122,11.707495930928182,-0.1953996905336755,-0.1653620337353205,0.015026170644973818
2.000004529953003,0.5030882954597473,-0.2994461953639984,0.042685531079769135,0.004202548414468765,0.0009276015916839242,-0.9999310374259949,2.811856925764807,6.935693004494793,2.9363870614340937,0.15964534999797814,-0.09754437553423245,0.015915449673390085
2.020137071609497,0.5028223395347595,-0.29968127608299255,0.042704373598098755,0.004384102299809456,0.0007260488346219063,-0.9999310970306396,-4.664709846464867,-9.986541235928469,0.6540741738538136,-0.3142333195085817,0.12040900535000211,0.028592168322339087
2.0399978160858154,0.5028787851333618,-0.2995162606239319,0.04258273169398308,0.0043843407183885574,0.0008081463165581226,-0.9999290108680725,2.6950733990427023,7.897293294781189,2.004691722837059,0.21827658753857201,-0.03590289692964602,0.013473686204037617
2.059962749481201,0.5029900670051575,-0.29958269000053406,0.04255837947130203,0.004414738621562719,0.0008967876201495528,-0.9999304413795471,-1.402527782868534,-8.702758696834746,5.476187910714102,-0.3159769141727825,-0.07158750749067302,0.018738419459081508
2.080085039138794,0.5029142498970032,-0.2995836138725281,0.04264775663614273,0.004282060544937849,0.0007889242260716856,-0.9999303817749023,2.35672823587323,7.639653881478173,2.791258597342678,0.20397834722840294,-0.03670749845871088,0.0173249677977985
2.1000051498413086,0.5028826594352722,-0.29982420802116394,0.04269632697105408,0.0043219951912760735,0.0006890064687468112,-0.9999322891235352,-1.8168603030216983,-8.725763225381005,1.7415664232746282,-0.257990644078832,-0.00779990436074935,0.023093534457170103
2.119847536087036,0.5028297901153564,-0.2995821535587311,0.04253195598721504,0.00443774601444602,0.0007520979852415621,-0.9999290704727173,0.6977711022192816,6.199050467716496,3.159436010485205,0.14717346083249022,0.07593342425944678,0.022977566034130904
2.1402063369750977,0.5029801726341248,-0.2997991442680359,0.04255002737045288,0.0043359422124922276,0.0007322290330193937,-0.9999316334724426,-1.7188185054974434,-6.30820135628435,13.877539672052743,-0.209818730832604,-0.0918439792587022,0.021258271515243673
2.1599721908569336,0.5026369094848633,-0.2998029589653015,0.04266432672739029,0.0043635983020067215,0.0004917581100016832,-0.9999302625656128,2.6625898942743893,7.040055512742118,2.9668481140574303,0.15882411193778628,-0.0788021650575046,0.02589682309137288
2.1802196502685547,0.5023372769355774,-0.30002832412719727,0.04259977117180824,0.004606663715094328,0.0002151903900085017,-0.999929666519165,-4.364507327769452,-8.454003967693001,0.34283768718292623,-0.2601086391742702,0.12269445490953905,0.02990945493339679
2.200059413909912,0.5023831725120544,-0.2998757064342499,0.042437225580215454,0.004684625659137964,0.00035150875919498503,-0.9999274611473083,-1.5992765827171669,5.042784356899622,3.782243266363209,-0.0030354461635653585,0.28673030611310313,0.038353108683926045
2.22029709815979,0.5024503469467163,-0.30009031295776367,0.042454030364751816,0.004589021671563387,0.00025129466666840017,-0.9999290704727173,1.811868337295703,-5.579979407365696,1.9067173296979298,-0.18087075851751855,-0.10425514912014625,0.018513068394705404
2.2400152683258057,0.502241849899292,-0.30000752210617065,0.04216945916414261,0.004847463686019182,0.00017406932602170855,-0.9999250769615173,-3.2539433397931177,1.872915640071038,1.9135295179815526,-0.04352822668717722,0.27972006624184564,0.0353423534071886
2.2601540088653564,0.5024625658988953,-0.30015113949775696,0.04218234494328499,0.004708825144916773,0.00022417014406528324,-0.9999274015426636,-0.08388206630864228,-5.013158839310994,6.879129884214838,-0.3231366227481737,0.15675541068082774,0.034184840880393266
2.2800018787384033,0.5021254420280457,-0.3002949655056,0.04207882657647133,0.00488489493727684,-7.22576878615655e-05,-0.9999249577522278,0.8665098679720442,6.667665540576463,1.9906914587927693,0.11487013458928139,0.0832216103059936,0.028033807273264818
2.3000271320343018,0.5018541812896729,-0.3005886375904083,0.04205237329006195,0.005017573479562998,-0.0003683646209537983,-0.9999245405197144,-3.9638493961103713,-9.158479376975759,1.4441027390316532,-0.2998963725106698,0.0829127375720052,0.025771931441225963
2.3199613094329834,0.501826822757721,-0.30032065510749817,0.041939493268728256,0.005124264396727085,-0.0002515685046091676,-0.9999215602874756,0.11752345623519898,6.487191757744313,1.6187858218981173,0.11411946149229647,0.13195041357038156,0.026963549223867313
2.3398711681365967,0.5018920302391052,-0.30044877529144287,0.04191149026155472,0.0050920783542096615,-0.0002619254228193313,-0.9999229907989502,0.3508592590338861,-6.7773124623880285,1.592083057162771,-0.20485456279324046,-0.08426416843024555,0.016576558668427253
2.360058546066284,0.5017879605293274,-0.3002146780490875,0.04178575798869133,0.005241088103502989,-0.0002202358009526506,-0.9999199509620667,-1.9569295633077792,3.8908896504865624,3.2532565564458635,-0.05145382695087533,0.24463108973116718,0.039514400951620024
2.380009651184082,0.5019010901451111,-0.3004245460033417,0.04169138893485069,0.005176238715648651,-0.000242169204284437,-0.9999212622642517,2.312251253961889,-4.88095921432437,3.68676508750905,-0.2595840465832891,-0.09590551414077794,0.018894846383038177
2.3996381759643555,0.5016695857048035,-0.300447553396225,0.04155464842915535,0.005351474042981863,-0.00039905335870571434,-0.9999185800552368,-2.5946044516289266,1.7826722920719535,1.0701742060029922,-0.11853207767923543,0.2451129002104496,0.03950438681937086
2.420037031173706,0.5018124580383301,-0.3005788326263428,0.0414881594479084,0.005267194472253323,-0.00038914900505915284,-0.9999197125434875,0.9044541570236342,-4.678410011735551,2.776389626034273,-0.22978185018616246,-0.03540517024261294,0.02667012133538019
2.4401843547821045,0.5017064809799194,-0.3005146384239197,0.041296083480119705,0.005423952359706163,-0.00042438588570803404,-0.9999176859855652,-1.8099481450582158,-0.14882242459556932,0.1752180412749022,-0.27116593404794587,0.18412166111080117,0.04391174548420484
2.4602158069610596,0.5018799304962158,-0.3007369637489319,0.04110056906938553,0.005357434507459402,-0.00044508412247523665,-0.9999184012413025,0.606735937492071,-5.177551136993744,4.2717273198775025,-0.2119548377373123,-0.05686909286458846,0.022158273246551483
2.4799489974975586,0.5017067193984985,-0.3006650507450104,0.040667083114385605,0.005684062838554382,-0.0005090463091619313,-0.9999129176139832,0.03457532734849846,0.5581680076439718,-1.5723239849957722,-0.27580600920550563,0.09020067059159365,0.035593741209287336
2.499990940093994,0.5017179250717163,-0.3005688786506653,0.0402713380753994,0.005905907601118088,-0.0004684287996497005,-0.9999089241027832,-3.2388876536779896,-8.340383457113994,3.4189682851986816,-0.26986611125649207,0.08132223014292511,0.021017757136043452
2.51997971534729,0.5018243193626404,-0.30044782161712646,0.040084656327962875,0.00598434591665864,-0.0002767445985227823,-0.9999089241027832,1.83823430739899,-2.7729343951670815,-1.050016595328858,-0.8157868307037158,0.10844931067928644,0.06711066265522986
2.5400125980377197,0.5018811821937561,-0.3008458614349365,0.03986663743853569,0.0059320139698684216,-0.00046977444435469806,-0.9999093413352966,-2.9452276567467903,-3.3043845235471854,2.82641928734859,-0.14993903641344916,0.10024606743365616,0.023809051995731773
2.559973955154419,0.5018911361694336,-0.30094113945961,0.039728716015815735,0.005974809639155865,-0.0005967046017758548,-0.9999073147773743,3.1637673021293775,5.584049268504752,-0.34620330785689846,0.004430629168445265,-0.008895408693734959,0.02615849752967595
2.580271005630493,0.5016524195671082,-0.30062153935432434,0.03947843238711357,0.006367954425513744,-0.0004808507510460913,-0.9999020099639893,-3.4813379410940226,-8.810565347774393,1.5614941002368399,-0.30442386331374,0.08940574513696191,0.028750628687633863
2.5999131202697754,0.5017544031143188,-0.30051180720329285,0.039531175047159195,0.006213461980223656,-0.0003538474265951663,-0.9999048113822937,0.5324284709041559,-1.2321234976077766,1.9746807697318363,-0.6178663088246489,0.08735037341706209,0.05523871014277231
2.6200225353240967,0.5018486976623535,-0.3010731637477875,0.03934672474861145,0.006085671950131655,-0.0006747963489033282,-0.9999058842658997,0.5944713259058202,1.7800267563151462,2.088292011399104,0.010664218200117613,-0.03903799207460751,0.0182910735182173
2.6399717330932617,0.5015758872032166,-0.3010811507701874,0.039121631532907486,0.006372841540724039,-0.0008371875737793744,-0.9999011158943176,0.48106696674948657,-2.5200797068025533,0.31794549283118545,-0.1558449087242342,-0.03163135673469956,0.018363781654191894
2.659902572631836,0.5015719532966614,-0.3007611036300659,0.03892543166875839,0.006540088914334774,-0.0006518497248180211,-0.9998980760574341,-1.3134779658921594,1.8836917550735264,0.6823017377899496,-0.11689025996999206,0.04178052015533692,0.022934315518411217
2.6799237728118896,0.5016433596611023,-0.300761878490448,0.03878526762127876,0.006599930580705404,-0.0005716107552871108,-0.9998975396156311,1.2770156173052705,-7.541364141148806,2.025884626416103,-0.2678820741931236,-0.13301467287887864,0.017172015367107364
2.6999495029449463,0.5015401840209961,-0.3005722761154175,0.03848078474402428,0.00680723087862134,-0.0005535415257327259,-0.999893069267273,2.1039567991145263,-0.350788380266693,0.6865137918137403,-0.3991053865530747,-0.17580949859442252,0.036110124508948446
2.720040798187256,0.5018922090530396,-0.3009093999862671,0.0383559986948967,0.006623891182243824,-0.000514858344104141,-0.9998965859413147,1.8609701382753476,-0.4559417070650006,2.1152971248055557,-0.07986743563480585,-0.07144708559062331,0.018226914909298304
2.739675760269165,0.501854658126831,-0.3007960617542267,0.03812297433614731,0.006785296835005283,-0.0004885085509158671,-0.9998928308486938,0.09039511360758418,1.2618591240956398,-0.5739442678270199,-0.13867966327144346,0.06467155032986635,0.029189548354581048
2.7599942684173584,0.5017045736312866,-0.3004647195339203,0.03788810595870018,0.007101074792444706,-0.0003683237882796675,-0.9998881220817566,-0.18745577379439746,-8.201838118114354,3.5290489820036774,-0.41864334510155327,-0.049328235943651426,0.029220714180121305
2.7799699306488037,0.5017434358596802,-0.3004244863986969,0.03773020952939987,0.0071040550246834755,-0.0002645508502610028,-0.9998894333839417,-0.5412054202416294,-4.355823754070799,0.5047142014330623,-0.9697654913515176,0.09959408704130959,0.0729693580586145
2.799976110458374,0.502036988735199,-0.30099818110466003,0.03752151504158974,0.0068550328724086285,-0.0004790757957380265,-0.9998934268951416,-1.9644541674892597,1.2502572227427662,1.9671306402777895,-0.0756606790582278,0.07341290549445773,0.029184726705854255
2.8199121952056885,0.5019506216049194,-0.3009604513645172,0.03711451217532158,0.00715686334297061,-0.000515111954882741,-0.9998868703842163,2.460853225941393,-1.6796993687173636,0.7296161300635838,-0.16775221122969577,-0.05512064527323609,0.01736813358579773
2.840193748474121,0.5017338991165161,-0.30059361457824707,0.036837439984083176,0.007492547854781151,-0.00040203295066021383,-0.9998806715011597,-2.453429862972067,-1.6654483107167148,-1.0099618556543655,-0.37286885348370086,0.07326911017866006,0.03451580348267043
2.86014723777771,0.5018933415412903,-0.3007247745990753,0.036685239523649216,0.007441646885126829,-0.0003943706105928868,-0.9998819231987,-1.5120176914087355,-3.541586619668517,5.648052282248343,-0.2632978131653484,0.0945176236987676,0.03028174487913045
2.880173921585083,0.5016050338745117,-0.3008575439453125,0.036126427352428436,0.007839794270694256,-0.0006304668495431542,-0.9998729825019836,4.908744190139117,1.916970707447119,-1.9490811953609952,-0.26546740763208065,-0.17772535008745066,0.023622664738505078
2.9001097679138184,0.5013719797134399,-0.3008887767791748,0.035868026316165924,0.008083569817245007,-0.000783562078140676,-0.9998681545257568,-4.6114630149719265,-8.008468227320469,1.2564257865798845,-0.3069625031961381,0.09286853605421212,0.026918788858888792
2.9199604988098145,0.501644492149353,-0.30080631375312805,0.03594187647104263,0.007866019383072853,-0.0006411298527382314,-0.9998710751533508,3.468419615350002,3.4201410437576247,1.4165023996123434,-0.29295086874757237,-0.02725005067249048,0.03478196759037014
2.9400649070739746,0.5015581846237183,-0.300719290971756,0.035796765238046646,0.008089171722531319,-0.0005930234328843653,-0.999867856502533,-1.3328802903576227,-5.447203830436011,1.6490612327861993,-0.23449033972036173,-0.025178980460167977,0.023419585998347855
2.9599502086639404,0.501600980758667,-0.3006977140903473,0.035781461745500565,0.007964721880853176,-0.000585368019528687,-0.9998689293861389,4.07670036802875,2.517303041557455,1.971478210468679,-0.44169823720159374,-0.15920397735598718,0.03821722100078552
2.9800186157226562,0.501680850982666,-0.3008222281932831,0.03572624549269676,0.007986059412360191,-0.000582673295866698,-0.9998699426651001,-2.149147479975155,-5.921613979457132,0.5143855184808654,-0.27225546346130053,0.029822933724504685,0.02509722908354163
2.9996535778045654,0.5016714930534363,-0.30072492361068726,0.03559274226427078,0.008041251450777054,-0.0005162954912520945,-0.9998685717582703,0.5045473727583412,-0.696308276955388,1.347255727357787,-0.4509034764595692,0.03957007237765859,0.03697376713927697
3.019902229309082,0.5017352104187012,-0.301016628742218,0.035370178520679474,0.008046377450227737,-0.0007029091357253492,-0.9998680353164673,0.7771226944960712,0.6452996807864546,2.5504288447875387,-0.05313891897614461,-0.04601184960194907,0.016061869011104644
3.0399482250213623,0.5015307664871216,-0.3010014295578003,0.03512511029839516,0.008258920162916183,-0.0008197956485673785,-0.9998624920845032,0.7852050116045278,1.873835369824896,-0.5712561821306998,-0.04117349226246719,-0.029302795493789245,0.01768488800692119
3.059725046157837,0.5014289021492004,-0.3004935383796692,0.034979622811079025,0.008518430404365063,-0.0005423538386821747,-0.9998583793640137,-0.19432789024834313,-11.27431267272698,3.033043741469192,-0.755769625494811,-0.1954681601944239,0.036201701533718544
3.079674243927002,0.501688539981842,-0.30046728253364563,0.03493022918701172,0.008334853686392307,-0.0003121736226603389,-0.9998640418052673,-1.6253374043951365,-5.282347321481835,1.016260604328563,-1.0647199505017473,0.10638566985478025,0.07757206174256771
3.0998294353485107,0.5019291639328003,-0.3011166453361511,0.03462280333042145,0.008118615485727787,-0.0005985355237498879,-0.9998671412467957,-1.0594039084869726,2.8155770519624506,2.281098747328578,-0.03829627031540738,0.15182453885883257,0.02180502180094734
3.1198127269744873,0.5017204880714417,-0.30105578899383545,0.03419145941734314,0.008540960028767586,-0.0006847072509117424,-0.9998578429222107,3.530817218492518,-2.7157847669206725,0.8213074892208788,-0.2139343947085164,-0.1436864822869513,0.01652207340510415
3.139859676361084,0.5015632510185242,-0.3006201684474945,0.033934783190488815,0.008846839889883995,-0.0004850970581173897,-0.9998519420623779,-1.9436021092975182,-5.025084441805631,-0.9974998513794795,-0.6351720078411707,-0.0821914179480796,0.04389004738077382
3.1602110862731934,0.5018813610076904,-0.3009922206401825,0.033925458788871765,0.008585065603256226,-0.0005360287032090127,-0.9998577237129211,-3.272186698678151,-1.1299956324912532,3.2202216795076604,-0.1678841405715214,0.2296246037303128,0.03384418143945428
3.179816961288452,0.5017436146736145,-0.3010912537574768,0.03352827951312065,0.00884671974927187,-0.0007167019066400826,-0.9998499751091003,3.535797967082648,3.056862089567905,-0.2579057660323115,-0.02811580529575918,-0.030077743695287866,0.019648043250589903
3.199878692626953,0.5014321208000183,-0.3007614314556122,0.03328350931406021,0.009241882711648941,-0.000663184910081327,-0.9998425841331482,-2.1967415071804557,-7.53975603707789,1.892781220188655,-0.46252397278215046,-0.02170425594666749,0.030402602911544716
3.2201786041259766,0.501643717288971,-0.3007270097732544,0.033262211829423904,0.009005500003695488,-0.0005430893506854773,-0.9998475909233093,-0.8943969484131135,-1.0377869858901914,0.7745563415419485,-0.6986210753137806,0.114332611737659,0.06453417505843492
3.239882230758667,0.5017076134681702,-0.30110540986061096,0.03292900696396828,0.009023500606417656,-0.000740699702873826,-0.999846875667572,-0.2765405298050668,-0.6832334339162948,3.0152329264236863,-0.12341599025128921,-0.0004080509563248409,0.025439166838853788
3.26015567779541,0.5014370083808899,-0.30118700861930847,0.032507289201021194,0.009314477443695068,-0.0009719422087073326,-0.9998385906219482,3.7129681712214913,6.086175480086784,-0.6735709226315284,0.05707084019111385,-0.11187332068007962,0.013533313580485526
3.2801969051361084,0.5012142658233643,-0.3008840084075928,0.03230777755379677,0.009652541019022465,-0.0008553286315873265,-0.9998326301574707,-1.9779294970982668,-9.834497277455611,1.601455942437002,-0.4747199623529934,-0.1849983358733992,0.02450319484886689
3.2998063564300537,0.501434862613678,-0.30075785517692566,0.03235895186662674,0.009409603662788868,-0.0006795888184569776,-0.9998379349708557,0.34372124407164284,-2.013227363757813,1.7777810173914883,-0.7021973471751649,-0.08886289520179198,0.050853133256804094
3.3198795318603516,0.5016493797302246,-0.3012840151786804,0.032099101692438126,0.009263220243155956,-0.0008708379464223981,-0.9998407959938049,-0.5237459015973248,4.478152420161849,1.493047583008153,0.05660444162639224,0.08859744382931914,0.022491625457384635
3.3396785259246826,0.5014516711235046,-0.3012579679489136,0.03183172643184662,0.009554674848914146,-0.0009796128142625093,-0.9998335838317871,3.4233396392879407,-3.7133608126623496,1.5763281832111973,-0.22683164104996972,-0.1694284636778783,0.018388526630134582
3.359931707382202,0.5013334155082703,-0.30084043741226196,0.03162836283445358,0.009798564948141575,-0.0008276994340121746,-0.9998278617858887,-1.2361668255852407,-4.118540679075278,-0.9270397769624174,-0.6617901038515298,-0.10724577435115308,0.04421997739966016
3.3799386024475098,0.5017054677009583,-0.3012600541114807,0.031503647565841675,0.009543588384985924,-0.0008049497264437377,-0.9998348355293274,-4.281445690676564,-2.157368954581737,2.7771831101739197,-0.1337509010787708,0.23726915683596295,0.03402126422342901
3.399881601333618,0.5016391277313232,-0.30140790343284607,0.031179549172520638,0.009754936210811138,-0.0009902908932417631,-0.9998277425765991,4.3033673805855015,5.945618266856452,0.053893474711820974,0.1509310053772356,0.019363135850170018,0.012234555117440263
3.4198904037475586,0.5012840628623962,-0.3010532855987549,0.030879851430654526,0.010181446559727192,-0.0009239421924576163,-0.9998185634613037,-0.9196678001263838,-6.639227292170816,1.9418045871690657,-0.30470386856991594,-0.11499203023134277,0.01638782267450885
3.4398677349090576,0.501436710357666,-0.3008703589439392,0.030865071341395378,0.010034468024969101,-0.0007285427418537438,-0.9998231530189514,-0.40142821166385545,-0.7028496469981501,0.8737825390436703,-0.5872377428615777,-0.017479053891599948,0.051326395125032336
3.45988392829895,0.5015835762023926,-0.3012691140174866,0.030559951439499855,0.01000550203025341,-0.0008971489733085036,-0.999823272228241,-0.6383581205243452,0.91650618171795,2.6367803687064013,-0.05300725763614221,0.03699593700629572,0.023823744125580585
3.4801526069641113,0.5012540817260742,-0.3011608421802521,0.03008827567100525,0.01041079219430685,-0.0010377481812611222,-0.9998115301132202,4.601260873976753,2.713761434303179,0.13704741484818073,-0.0699650580588828,-0.23436850279570023,0.01247109791248804
3.5000734329223633,0.5012044906616211,-0.3007046580314636,0.0299045592546463,0.01061760913580656,-0.0007595814531669021,-0.9998077154159546,-1.6017854505115654,-10.390769612396678,0.548676264404713,-0.8122222200609464,-0.2597910917156688,0.04297424058364903
3.519876718521118,0.5015133619308472,-0.30079004168510437,0.03002207539975643,0.010378488339483738,-0.0006055337726138532,-0.9998155832290649,-3.5795802607734974,-5.313289073305748,1.3074672016953093,-0.8164348866938288,0.24650393903337284,0.06880481244585997
3.540022850036621,0.5016070008277893,-0.30128607153892517,0.029774758964776993,0.0103688333183527,-0.0008724987856112421,-0.9998141527175903,-0.4470632202403186,3.7384881615578194,0.9420937221739107,0.037859931565653704,0.21704546275657052,0.0239396196702006
3.5599865913391113,0.501323401927948,-0.3011960983276367,0.029508201405405998,0.010725725442171097,-0.001006059697829187,-0.9998049139976501,2.751968939441302,-5.174743851063226,2.332044172012978,-0.28800581468835806,-0.19503073773693066,0.019125547574338226
3.5797252655029297,0.5012580752372742,-0.30086764693260193,0.02927378937602043,0.010856610722839832,-0.0008137536933645606,-0.9998021125793457,-1.7451379221628534,-4.276507288735962,-0.4895914111590217,-0.7751343577319041,-0.11910083275053389,0.053258482644509504
3.600010395050049,0.5015975832939148,-0.30134743452072144,0.02907983958721161,0.010678998194634914,-0.0009131908882409334,-0.9998073577880859,-5.8529034983868,-0.7117033636343435,2.530000971046714,-0.047531178973404614,0.4093541881900684,0.037926519006898335
3.619985580444336,0.5014420747756958,-0.30134156346321106,0.028626035898923874,0.011029214598238468,-0.0010235910303890705,-0.9997957348823547,2.9669599236651516,3.454688094570462,0.33316645767888464,0.03146066689448039,0.1266849589690197,0.027135290165426228
3.6400067806243896,0.5012022256851196,-0.3008614778518677,0.028457559645175934,0.011348913423717022,-0.000874878722243011,-0.999788224697113,1.6162096601212068,-7.622472562575061,2.1634693660142084,-0.5519471206966245,-0.33116853767183424,0.023793428974428616
3.6597678661346436,0.5014160871505737,-0.3008120357990265,0.028464430943131447,0.011139238253235817,-0.0006629062118008733,-0.9997957944869995,-5.138460702549378,-5.00346046726757,2.4022657783664463,-0.9010621778442733,0.3131978692574817,0.07803183789356186
3.680023431777954,0.5014746189117432,-0.3014286458492279,0.028351115062832832,0.011037200689315796,-0.0009934896370396018,-0.9997987747192383,-1.7997473034158735,3.8699715594546404,1.1583380844004116,0.09969702100059888,0.3388798200319267,0.027949899187238607
3.700086832046509,0.5010294318199158,-0.30125656723976135,0.02819942682981491,0.011409587226808071,-0.0012106415815651417,-0.9997866153717041,4.272134693673784,-3.850120441317926,3.738765198708009,-0.25072716626711633,-0.43051024012376526,0.009805229294775777
3.719890594482422,0.5010228157043457,-0.30098068714141846,0.02812075801193714,0.011446301825344563,-0.0009986511431634426,-0.9997869729995728,-0.7583743844494574,-0.23436481771468562,0.4216631486491728,-0.5849556644410144,-0.12169487931894919,0.04839209991864381
3.739964008331299,0.5012093782424927,-0.3012019097805023,0.027831437066197395,0.011421268805861473,-0.0010414391290396452,-0.9997877478599548,-3.2138611341046177,-3.1350321222591444,3.5807726800728785,-0.20980950689294206,0.06624617937584351,0.031752874449454155
3.7601892948150635,0.501015841960907,-0.30127012729644775,0.027504021301865578,0.011609727516770363,-0.0012338568922132254,-0.9997801184654236,4.380863044347668,2.5805217661651314,-0.481424967313444,-0.2138038146350192,-0.24069482498706954,0.02418496666583091
3.780172824859619,0.500965416431427,-0.3012007474899292,0.027477579191327095,0.01168220117688179,-0.0012012755032628775,-0.9997790455818176,-0.37458186331494353,-7.109781813817491,2.6500415046200523,-0.3447049285797095,-0.29257330655368896,0.012126128241069482
3.8002660274505615,0.5011956691741943,-0.3010507822036743,0.027441920712590218,0.011638573370873928,-0.0009692645980976522,-0.9997805953025818,-2.138512803437753,1.0708870066774119,3.94193614053859,-0.4529905224752019,0.3511597792879769,0.062059393196896594
3.819885730743408,0.5009650588035583,-0.3012842535972595,0.027236871421337128,0.011909279972314835,-0.001214735209941864,-0.9997732639312744,4.290861266608069,-0.7339754429484053,2.5976609816649905,-0.12791008456259095,-0.3102337779971926,0.0015445680001283865
3.839696168899536,0.5007565021514893,-0.30129802227020264,0.027191098779439926,0.011965541169047356,-0.0013954185415059328,-0.9997700452804565,0.967108789019613,0.2645888735994751,1.4937929273783697,-0.1488257579830786,-0.2696520327504379,0.010316242987693078
3.8595638275146484,0.5009457468986511,-0.3011966347694397,0.02725423499941826,0.011905583553016186,-0.0012021701550111175,-0.9997727870941162,-0.5316040185650043,1.1347822588446477,-0.09111561768090608,-0.19136799274932256,-0.030680892530202,0.020517559221483836
3.8795382976531982,0.5008953213691711,-0.30098381638526917,0.027172790840268135,0.012021327391266823,-0.001106168725527823,-0.9997705221176147,0.8801339108022002,-8.12683436935127,3.846014925205158,-0.5314189505453122,-0.2798471783767659,0.021451990382049937
3.899815082550049,0.5009775757789612,-0.30095043778419495,0.026978587731719017,0.012014891020953655,-0.0009753928752616048,-0.999772310256958,-1.6345037182042508,-3.72878341131979,1.00696559584858,-0.8503643515736226,0.07959789962691423,0.06452796264568708
3.9195730686187744,0.5010991096496582,-0.30142197012901306,0.026688573881983757,0.01197782065719366,-0.0012476560659706593,-0.9997717142105103,-5.0586926507138115,4.8011304471008005,3.629645416162601,0.19199780998536964,0.4980044953004252,0.03650755287596636
3.9395830631256104,0.5008172988891602,-0.3013015389442444,0.026381488889455795,0.012413735501468182,-0.0013371589593589306,-0.9997583627700806,2.4225278907108447,-2.081212345011606,1.2411651003787225,-0.19107009209613862,-0.18689521102437348,0.02174570103154118
3.9596636295318604,0.5007708668708801,-0.3011071979999542,0.026268957182765007,0.012485374696552753,-0.0012506197672337294,-0.999756932258606,-0.18796428026568818,-1.2590020516072242,0.15639959894893396,-0.45961385916116615,-0.21473748356395544,0.030448215035605294
3.9795634746551514,0.5009909868240356,-0.3013255298137665,0.026155248284339905,0.012406582944095135,-0.0012455382384359837,-0.9997594952583313,-5.702672830881497,1.6276933965704108,5.096226027504057,0.048314399984902494,0.467696630859449,0.03707460843772905
3.9995369911193848,0.5007838606834412,-0.3012414276599884,0.02586432173848152,0.012715787626802921,-0.0012940758606418967,-0.9997496008872986,3.1306790665724225,0.03938729866917741,1.910036981664754,-0.21635212533986167,-0.11945292554352646,0.02712667866764325
4.019585132598877,0.5006346106529236,-0.3011506199836731,0.02576879970729351,0.012792314402759075,-0.0013731976505368948,-0.9997472763061523,2.011124835771153,-2.3374111013974828,1.514383335282963,-0.3271566365247916,-0.31686004450674066,0.013234628179095348
4.03956413269043,0.5008100271224976,-0.30121588706970215,0.02581220120191574,0.012724965810775757,-0.0012927809730172157,-0.9997499585151672,-3.495762472507755,1.1447318876688695,1.7987615732315811,-0.13928447304989522,0.22149561616194657,0.034267701960927564
4.059574127197266,0.5007102489471436,-0.3012154698371887,0.02571398764848709,0.012864071875810623,-0.0013571417657658458,-0.99974524974823,1.3205256586612972,-2.0434880060062444,2.2995794468262947,-0.24584205463509232,-0.15005169503422144,0.021999034595529432
4.079614639282227,0.5007160305976868,-0.3012937307357788,0.025656532496213913,0.012774433940649033,-0.001394619233906269,-0.9997475743293762,0.05277165343604412,2.659823742980802,1.5867958421855237,-0.12628020274308902,0.036687636225969635,0.03457807173379011
4.099651575088501,0.5005989670753479,-0.30115118622779846,0.02557334490120411,0.013004845939576626,-0.001367867225781083,-0.9997413158416748,1.3817394444154185,-5.4595397572272635,2.450205046220875,-0.3618475920955823,-0.2742703169795022,0.017890761885141174
4.119638204574585,0.5006261467933655,-0.3010815382003784,0.025435185059905052,0.012978145852684975,-0.0013051929417997599,-0.9997433423995972,-1.9317094672925743,-1.4098184909065226,0.6146877736596333,-0.5705725209332191,-0.06052320953531705,0.04517210448185001
4.139700889587402,0.5008242130279541,-0.3013879060745239,0.025254063308238983,0.012864787131547928,-0.0013969230931252241,-0.999744713306427,-4.25507318176844,3.124701463667366,3.232267929679297,0.20063652532254608,0.4497290993594649,0.038043297845215276
4.159621715545654,0.5005162358283997,-0.30112263560295105,0.024897262454032898,0.013304990716278553,-0.0013839484890922904,-0.9997315406799316,4.117212799346557,-3.675911973203865,1.3079505518657288,-0.48832211597287856,-0.38202412926864926,0.025821919446489386
4.1796605587005615,0.5005809664726257,-0.30110567808151245,0.02490936405956745,0.013165765441954136,-0.0013376340502873063,-0.9997365474700928,-1.1527531544743561,-2.132851720991273,1.6817682390018305,-0.4930247403894933,-0.12087479754224535,0.03570546078404355
4.199618339538574,0.5007233619689941,-0.3013799786567688,0.024920683354139328,0.0130503810942173,-0.0014396648621186614,-0.9997391700744629,-4.540810684495962,4.12050563177614,3.487828150084306,0.10518162145076537,0.4201299291334738,0.039275076136237194
4.219574689865112,0.5004287958145142,-0.301289826631546,0.024776240810751915,0.013329424895346165,-0.0015709593426436186,-0.9997296333312988,2.751299954516091,-2.2630447569010252,2.661073464394155,-0.2370883929545036,-0.3463295765673307,0.013760663169882816
4.239603042602539,0.5004653334617615,-0.3012375235557556,0.024808814749121666,0.013233231380581856,-0.0015186540549620986,-0.9997329711914062,-0.029715167406636843,1.2263151654980757,1.854788618816143,-0.2814808303744608,-0.135248106695908,0.027886250218628263
4.259791135787964,0.5004510283470154,-0.30125582218170166,0.02475493587553501,0.013302009552717209,-0.0015292593743652105,-0.9997307062149048,1.0309123357113228,-2.2854003258294426,2.699587781464787,-0.2194182328662727,-0.16434205232318438,0.016213087302707763
4.279661178588867,0.5004081130027771,-0.30135560035705566,0.024757949635386467,0.013268752954900265,-0.0016143448883667588,-0.9997314810752869,1.2690042033909472,3.4815134785577895,1.3222168053851755,-0.09100573391431414,-0.11110467095127857,0.021999665850869196
4.299692630767822,0.5003558993339539,-0.3012428283691406,0.024753831326961517,0.013396892696619034,-0.0015620910562574863,-0.9997279644012451,1.7379568844698743,-6.154487474610649,1.6598431114406331,-0.3327514516133321,-0.38930886610923404,0.015207480804810495
4.319675922393799,0.5004771947860718,-0.3010462820529938,0.0247593205422163,0.013320723548531532,-0.001373165170662105,-0.9997310638427734,-1.3478902952066583,-1.4463763189889718,1.314823787359303,-0.670046188311125,-0.04013389644064286,0.051165772050572336
4.339751958847046,0.5006213188171387,-0.30146950483322144,0.0246142465621233,0.013234065845608711,-0.001541638164781034,-0.9997333288192749,-2.816082135630929,5.6354793376750125,4.054962512302296,0.3010915446490991,0.45203705391054566,0.028927931956004023
4.359827756881714,0.5002273917198181,-0.3012521266937256,0.02437327615916729,0.013636122457683086,-0.0016856618458405137,-0.9997194409370422,5.519307039884015,-4.096499060914855,1.283903104516749,-0.34599879245506887,-0.5893305518917393,0.00776703841186452
4.379616975784302,0.5002711415290833,-0.30107221007347107,0.024358822032809258,0.013562220148742199,-0.0014921705005690455,-0.9997233152389526,-0.6994700613547717,-3.810273034768457,0.7184569042034723,-0.6316118749069939,-0.28289453310504875,0.03817592259124709
4.3996851444244385,0.5005784630775452,-0.30140867829322815,0.024339452385902405,0.013330378569662571,-0.001533627975732088,-0.9997307658195496,-6.423803345335808,3.6821883931490595,2.6795156954840227,0.09106547936440007,0.5307961462724802,0.04055118207591611
4.419843435287476,0.5003826022148132,-0.30131107568740845,0.02399652823805809,0.013750910758972168,-0.0016121644293889403,-0.9997162818908691,2.1372638670992488,-1.2387778133032834,1.5955506743328531,-0.1745482889542672,-0.06042451424127979,0.030106224395973952
4.43980598449707,0.5003049969673157,-0.30116918683052063,0.023936351761221886,0.013811464421451092,-0.0015430228086188436,-0.999714732170105,0.8396458918559697,-2.4067569598141008,1.3301511327941045,-0.49724117087120095,-0.19124836227682973,0.03615314833806142
4.459678888320923,0.5004923343658447,-0.3014061152935028,0.023921549320220947,0.013680941425263882,-0.0015922827878966928,-0.9997185468673706,-5.39510075217106,3.736887272394214,3.554020072060541,0.1718671835213985,0.4333118247157268,0.03691864807323897
4.479859828948975,0.5003212094306946,-0.3012191653251648,0.023687783628702164,0.013992167077958584,-0.001613826840184629,-0.9997079968452454,1.9397692642298658,-2.6167108852069556,1.5600601015532602,-0.258519619509565,-0.1426275852531824,0.02880795318959684
4.499772548675537,0.5003151893615723,-0.3012048304080963,0.02364202030003071,0.013972500339150429,-0.0015709707513451576,-0.9997103214263916,-0.9404992867734167,-0.2984327308790197,1.8083920004932938,-0.35344804943926283,-0.0009871589987242749,0.04069335638869584
4.519746780395508,0.5003529787063599,-0.3013772666454315,0.023544469848275185,0.013945919461548328,-0.0016661552945151925,-0.9997097253799438,-1.2956432312001454,1.4032400765159758,3.396486604621303,0.021207651428762304,0.1916507333557225,0.029708803699667115
4.539789199829102,0.5000787973403931,-0.30119723081588745,0.023344945162534714,0.014184552244842052,-0.00173093075864017,-0.9997010827064514,4.7693615495896315,-3.777824525826235,1.8350673213849735,-0.4206979981881393,-0.5664938311347822,0.009570960721572487
4.5596678256988525,0.5002008080482483,-0.3012528121471405,0.02334962785243988,0.014052958227694035,-0.001676204614341259,-0.9997063279151917,0.11169787203658119,-1.349184538467961,1.4935167545245343,-0.3086890415427522,-0.20332149165758515,0.023268577272843143
4.580104351043701,0.5003562569618225,-0.3013908267021179,0.023256387561559677,0.014045686461031437,-0.0016819690354168415,-0.9997062087059021,-4.015946376265831,4.7057867023439615,2.6142768435245802,0.1562232423372698,0.3938299502853497,0.03483559024803934
4.599614858627319,0.5000900626182556,-0.3012982904911041,0.02309085614979267,0.014351308345794678,-0.0017613094532862306,-0.9996964335441589,2.6869285823262383,-3.362455008695821,1.7875226972821725,-0.2793480968070009,-0.3190401805048346,0.020532592921707768
4.619840621948242,0.5001448392868042,-0.30120015144348145,0.022989442571997643,0.014279074966907501,-0.0016739070415496826,-0.9996989369392395,-0.5942427362049871,-1.4557074077849754,1.1791341837531657,-0.4667290871698103,-0.14419169585653677,0.03545558262506378
4.639723777770996,0.5003467798233032,-0.30145323276519775,0.022883545607328415,0.014193967916071415,-0.0017153894295915961,-0.9997008442878723,-4.881715267004246,5.367355814835031,2.4087033315965765,0.30919020279908355,0.5003013073517815,0.034934380703656204
4.659678936004639,0.5000613331794739,-0.3012208044528961,0.022630244493484497,0.01458040438592434,-0.0017718689050525427,-0.9996875524520874,2.7658606090641937,-3.681086806609687,1.9595319760427756,-0.3643153355600534,-0.3414728337807935,0.024518190528963552
4.6795806884765625,0.5001152157783508,-0.30125531554222107,0.022611087188124657,0.014446666464209557,-0.0017132553039118648,-0.9996934533119202,-1.3988984343935316,-0.37679419082707466,1.7972874241116175,-0.3958467823672031,-0.046107397925837026,0.03730151870334023
4.699658393859863,0.5001785159111023,-0.30142349004745483,0.02257206290960312,0.01441543735563755,-0.001808525063097477,-0.9996933341026306,-1.1025902826964626,3.231757706010617,3.850725928425756,0.23152998579965883,0.21030834065355422,0.018393162041905036
4.719611406326294,0.49989956617355347,-0.3012406826019287,0.02240266092121601,0.014658955857157707,-0.0018912411760538816,-0.9996845126152039,5.337927862934871,-5.241749179433687,4.23754121503044,-0.5043673740621619,-0.6407340834678986,0.012848070373838295
4.739583969116211,0.500038743019104,-0.30130451917648315,0.022481078281998634,0.014426402747631073,-0.0018141897162422538,-0.9996932148933411,-0.34565180236417803,-0.5154600028619367,2.875547853228091,-0.3047837712490735,-0.17092982018707226,0.024800086686209425
4.7596986293792725,0.5000792741775513,-0.3014998435974121,0.0223893690854311,0.0144607312977314,-0.0019276882521808147,-0.9996911287307739,-0.6638603034654045,7.134163717757583,5.037571906149711,0.43006785971064027,0.2181191828365189,0.016866629952536866
4.7799882888793945,0.49974799156188965,-0.3013611435890198,0.022385017946362495,0.014653114601969719,-0.002049203496426344,-0.9996832609176636,5.624116494309084,-3.426183870996923,2.690580792247527,-0.2053605255631391,-0.6650561152865929,-0.010111810806753009
4.799728155136108,0.4997570812702179,-0.3012316823005676,0.022402828559279442,0.014621170237660408,-0.001943184994161129,-0.9996865391731262,-1.0094071680321222,-1.1252908501090129,2.4130399098958395,-0.3758567661109493,-0.2783260457827182,0.02423866747893675
4.819720506668091,0.4999573826789856,-0.30153968930244446,0.02242521196603775,0.014417106285691261,-0.0020321563351899385,-0.9996921420097351,-1.3866731148473188,7.498888028926075,2.5817334304772706,0.33803251205459794,0.1280926070951183,0.019960028453297186
4.840123414993286,0.49963322281837463,-0.3013632893562317,0.022318026050925255,0.014717361889779568,-0.0021145513746887445,-0.999681293964386,4.537803012621081,-4.36900451903218,3.5859703921951023,-0.2597989982137469,-0.6121893279650582,-0.0003322812762827712
4.85978364944458,0.49971070885658264,-0.30122649669647217,0.022369349375367165,0.014593040570616722,-0.0019679232500493526,-0.9996867179870605,-0.7336415035784162,-0.03343983628415334,1.8733562041999892,-0.4309048136682804,-0.2085544094838925,0.033529157007845485
4.879719495773315,0.49982950091362,-0.3015403151512146,0.022301780059933662,0.014501734636723995,-0.002079618163406849,-0.9996892809867859,-1.8316105945395773,5.925738727492351,4.097630193982604,0.4186594734559006,0.14573107186899775,0.009971921259566974
4.899651765823364,0.4995891749858856,-0.30127841234207153,0.022206643596291542,0.01471473928540945,-0.002114596776664257,-0.9996805191040039,5.694343988521938,-3.9459853800918094,3.6325246383651986,-0.31920358669601084,-0.6878107532585509,0.0014637056036140399
4.919731855392456,0.4996652603149414,-0.30126145482063293,0.02229454182088375,0.014548460952937603,-0.0020259926095604897,-0.9996880888938904,-0.3016448328813447,-1.0955522449874169,2.4090369087096284,-0.3647672484080815,-0.2701611371284269,0.025659317255225324
4.939647674560547,0.4997810125350952,-0.3015715777873993,0.02221800945699215,0.014443805441260338,-0.002194889821112156,-0.9996892809867859,-2.114858091843586,8.796580836575918,2.98008345995769,0.5240697265896064,0.2047476788221639,0.015414380379044834
4.959856271743774,0.49949896335601807,-0.3013686537742615,0.022181542590260506,0.014765279367566109,-0.0022189286537468433,-0.9996799230575562,5.0182583350897945,-3.6057352288685314,3.1844784308861915,-0.19460173296005573,-0.6302233684713934,-0.0035813295922815652
4.979650974273682,0.499505877494812,-0.3012334108352661,0.022228572517633438,0.01467826496809721,-0.0021100174635648727,-0.9996833205223083,-0.4624727561509123,0.35570006315362496,1.8134628032831301,-0.38840679547566176,-0.2491551061625736,0.028754521373220987
4.999894380569458,0.49968528747558594,-0.3014722764492035,0.022217445075511932,0.014509364031255245,-0.002158011309802532,-0.9996887445449829,0.012240977912012299,2.8945336260890464,2.7648871384656615,0.1906789302463399,-0.05428084099972146,0.00990051653703848
5.019681215286255,0.4994563162326813,-0.30125999450683594,0.022075895220041275,0.01470627635717392,-0.002182074123993516,-0.9996813535690308,5.3799775414471,-2.634648826372046,2.5954795731512688,-0.30426331754619385,-0.6311927835505821,-0.0005507162511571885
5.03961706161499,0.4995620846748352,-0.3011971712112427,0.022126134485006332,0.014575398527085781,-0.0020872498862445354,-0.9996861219406128,0.9429984072157467,-1.6358865069559325,1.9878481760002398,-0.37242975774454223,-0.33744908038091237,0.023618407560267535
5.059631109237671,0.49972763657569885,-0.3015345335006714,0.022080617025494576,0.014495894312858582,-0.0021575759164988995,-0.9996894001960754,-3.180727305377811,7.276972731813297,1.5660643165379868,0.3781575508245623,0.21945974917763436,0.019489702035715328
5.079694032669067,0.4995318651199341,-0.30124253034591675,0.021941373124718666,0.01484573632478714,-0.002098022261634469,-0.9996775388717651,4.145178371299638,-3.3352777151307236,1.4950264744344544,-0.19027134328634931,-0.44960627793192587,0.008078233041482233
5.0996856689453125,0.49946337938308716,-0.3010925054550171,0.021919334307312965,0.014835008420050144,-0.0020396646577864885,-0.9996784329414368,-0.3227240683438304,-3.2312111886373485,1.0922020645219168,-0.6593204180928005,-0.33487282231711885,0.03486871040340987
5.119823694229126,0.499809205532074,-0.3014987111091614,0.021826177835464478,0.014561929740011692,-0.0020846049301326275,-0.9996873736381531,-6.516641269211514,7.64973358119192,2.637072201070268,0.5004624213522685,0.571074296528031,0.031943423831705064
5.139691591262817,0.49953681230545044,-0.30126649141311646,0.021540537476539612,0.015050276182591915,-0.002108026295900345,-0.9996698498725891,4.6001996049056455,-2.2452698180280244,-0.29943613616467957,-0.1818784647508358,-0.37315370169361967,0.012731877011558208
5.159662485122681,0.49946892261505127,-0.30097338557243347,0.021392783150076866,0.015160293318331242,-0.0019587064161896706,-0.9996671676635742,0.580655474237211,-6.778976617723016,0.4946934665989156,-0.7931018318863354,-0.40311938400584557,0.035329216324867484
5.179620265960693,0.4998120367527008,-0.3012826442718506,0.021376220509409904,0.014863376505672932,-0.0019362688763067126,-0.9996790885925293,-6.717842982186711,1.5159512466384744,1.9401548073180892,-0.08277836894224268,0.5505154196901589,0.05265773973135543
5.199766397476196,0.499637633562088,-0.30122578144073486,0.021051304414868355,0.01520260889083147,-0.0020104728173464537,-0.999666154384613,2.4750429994187173,-2.3759265476102835,-0.12162438305134571,-0.29675799218661086,-0.15781281151534465,0.02585346433741159
5.219675540924072,0.4996109902858734,-0.30117255449295044,0.021008538082242012,0.015184609219431877,-0.001998007530346513,-0.9996663928031921,0.24489459038801253,-3.1624904970860914,0.8939073737989898,-0.4877786735223763,-0.2151372908679524,0.0296579389284798
5.239818096160889,0.4998367130756378,-0.3013334274291992,0.020979158580303192,0.01507840771228075,-0.001980389468371868,-0.9996703267097473,-5.977297914135391,3.1384633829776476,3.046144985766447,0.02788689082405794,0.5766080927701713,0.049292003802296945
5.25983190536499,0.49960729479789734,-0.3012542128562927,0.0207092072814703,0.015389268286526203,-0.0020608955528587103,-0.9996582865715027,3.172661524889055,-3.3833276768837366,0.6086838684620994,-0.35900616807584956,-0.2582257668751883,0.02838997241758583
5.279676198959351,0.49962344765663147,-0.30119240283966064,0.020670166239142418,0.01533491536974907,-0.0020189154893159866,-0.9996610283851624,-0.32725278313425643,-2.714253328483056,0.822996839185327,-0.5140781875374106,-0.1649139618256813,0.039621817211114796
5.299698114395142,0.499798446893692,-0.30140167474746704,0.020583655685186386,0.015282707288861275,-0.001991335302591324,-0.9996635317802429,-5.844499450269528,4.716390024043234,2.4929444498274798,0.20058498236010888,0.5920618690119581,0.04797397831218711
5.320187091827393,0.4995133578777313,-0.3012308180332184,0.020256489515304565,0.01568189263343811,-0.002127522137016058,-0.9996481537818909,2.8489505724814848,-5.040586381900771,0.29890042358206,-0.4472799258953205,-0.29346392548133543,0.029547978957174773
5.340115785598755,0.49958276748657227,-0.3011690080165863,0.020180996507406235,0.01557974237948656,-0.0020001521334052086,-0.9996526837348938,-1.088917932550925,-3.0088157760001346,0.2588128495200194,-0.6308852988161339,-0.13030527738545716,0.04538678676445956
5.360035181045532,0.49982020258903503,-0.30144697427749634,0.02005849778652191,0.015486888587474823,-0.002042132429778576,-0.9996561408042908,-7.516849149728736,5.509556441447385,4.466265950162245,0.33631237455280516,0.7526895464723944,0.049173682437462216
5.380374193191528,0.4995118975639343,-0.30123308300971985,0.019625013694167137,0.015956873074173927,-0.002100589917972684,-0.9996378421783447,3.2549973567459816,-4.855983590752525,-0.24157399397095164,-0.5282929103381502,-0.3265064529465129,0.032208950634080975
5.400074243545532,0.49960029125213623,-0.3011608421802521,0.01960967853665352,0.01582552120089531,-0.0019925253000110388,-0.9996431469917297,-1.2306568300029446,-3.0236713004773232,0.879572564158766,-0.5826883845916248,-0.12199919335664645,0.039544138597729234
5.4200592041015625,0.49981698393821716,-0.3013899028301239,0.019514376297593117,0.015733862295746803,-0.0019937395118176937,-0.9996464848518372,-6.898041671989775,6.072162266169452,4.147682417312656,0.31176282686268647,0.8098131501674483,0.052543543469385445
5.439955472946167,0.49945393204689026,-0.3012397587299347,0.019140029326081276,0.016216715797781944,-0.002126476261764765,-0.999628484249115,3.6039039137461377,-5.468388337270119,-0.1519448373482967,-0.5290028698316007,-0.3901456724811449,0.022986566889150118
5.459775686264038,0.499521404504776,-0.3012002408504486,0.019103029742836952,0.016079405322670937,-0.002056992147117853,-0.9996342062950134,-1.2901867381996666,-3.5671745861562347,0.9334325592559367,-0.6356949683659289,-0.14537783783035862,0.0354562405402375
5.479599237442017,0.49974626302719116,-0.30140596628189087,0.018959112465381622,0.01599334552884102,-0.002044644905254245,-0.999636709690094,-6.8975888454708,6.132994403353802,2.6538804418524156,0.2664667981806271,0.7915595569961896,0.0533675085182998
5.499741554260254,0.4994499385356903,-0.30122971534729004,0.018666770309209824,0.01643865369260311,-0.0021162377670407295,-0.9996203780174255,2.7152696446756073,-5.351042077603521,1.6981600866271394,-0.5212202077951799,-0.32657407751854783,0.03482038943528646
5.520066261291504,0.49952399730682373,-0.3012007176876068,0.018622109666466713,0.016283344477415085,-0.0020653968676924706,-0.9996265172958374,-2.0559885184796998,-1.7981315731799197,1.4176242296319737,-0.5566345662817359,-0.008140567359633703,0.04861642160598606
5.539725303649902,0.499652236700058,-0.30146288871765137,0.018560269847512245,0.016195496544241905,-0.002156292088329792,-0.9996278285980225,-3.54045176952657,5.691814615238111,3.948733006281965,0.3766207213358918,0.5491324202978285,0.036556011248385395
5.560168027877808,0.49931225180625916,-0.3012092411518097,0.018313994631171227,0.01659408211708069,-0.0022332060616463423,-0.999613344669342,4.626637989874127,-6.643809701272257,2.668372748843017,-0.6086302802947489,-0.5922548625892269,0.02381281287386366
5.5800251960754395,0.4994589686393738,-0.30126169323921204,0.01837414875626564,0.016310520470142365,-0.002161219483241439,-0.9996244311332703,-1.620259060832998,-1.5079706004751867,2.912868712205672,-0.44164163253263655,-0.04671282239543729,0.03700114297818305
5.599987268447876,0.49950456619262695,-0.30146434903144836,0.0182487852871418,0.01630408503115177,-0.0022453428246080875,-0.99962317943573,-0.3269845343204822,6.338932593711973,4.501489289175452,0.3575484873490507,0.2873075529328453,0.028605596303444995
5.619751453399658,0.4991115629673004,-0.30134859681129456,0.018224693834781647,0.016592174768447876,-0.0024432821664959192,-0.9996116161346436,5.236545861358338,-5.163744602368975,2.6318526412893384,-0.33860749150410313,-0.6740342646425455,0.0004280469529932343
5.639807939529419,0.49923640489578247,-0.3013382852077484,0.018320025876164436,0.01636153645813465,-0.0023526293225586414,-0.9996222257614136,-1.359195000000545,-1.0831709329128005,2.170713520275881,-0.4812889236011333,-0.20623890106117862,0.03136579490653313
5.65980863571167,0.49940964579582214,-0.30153149366378784,0.018219901248812675,0.016272379085421562,-0.002367443172261119,-0.9996243119239807,-1.6297158125041227,7.837310934780568,5.723037220332465,0.4300677833667232,0.25449704438140885,0.030086694741575732
5.679773569107056,0.49908363819122314,-0.3013472557067871,0.018196837976574898,0.01653067022562027,-0.00244353199377656,-0.9996145963668823,5.2512227440124475,-3.8590435638246383,2.986315659628422,-0.2891028767447728,-0.6414118401729034,0.00439482267307276
5.699849843978882,0.4991450607776642,-0.30134403705596924,0.01831500232219696,0.01635199971497059,-0.0023842041846364737,-0.9996228218078613,-0.9605484595538136,-0.5494490293076536,2.3313097011977235,-0.42413553516788355,-0.2494079439199062,0.028247583409288173
5.720067024230957,0.4992547333240509,-0.3015013635158539,0.01822536624968052,0.01626880280673504,-0.002453436143696308,-0.999623715877533,-0.4129335890067155,6.20756513869654,3.2130977691822356,0.32763441576868174,0.07342319736883646,0.017731352731844605
5.73995304107666,0.4990200996398926,-0.3013574481010437,0.018181923776865005,0.016474291682243347,-0.002494013635441661,-0.9996166825294495,5.096275512823807,-5.817670592440072,3.626877732700717,-0.42995136407636964,-0.7057261356317146,0.002011251911854677
5.759866237640381,0.49912551045417786,-0.3012700378894806,0.01822018437087536,0.01626606099307537,-0.0024125929921865463,-0.9996242523193359,-0.5008124142528442,-0.09344120816628573,2.8651112618548082,-0.4507831376372042,-0.23791679304563462,0.03060164210166903
5.780098915100098,0.4992027282714844,-0.30155494809150696,0.018137143924832344,0.01622660830616951,-0.002534982282668352,-0.999624490737915,0.06725037739532921,8.331030022046093,7.479402496486166,0.5368269755099673,0.043676133359704265,0.013922232331226936
5.79968786239624,0.4989374876022339,-0.3014065623283386,0.01817690022289753,0.016377506777644157,-0.002588909585028887,-0.9996182918548584,5.60034869091364,-3.055602377089868,2.97731116670486,-0.22105133555470483,-0.6791669746013278,-0.004606075916628743
5.8198323249816895,0.49898603558540344,-0.3013618588447571,0.01828901842236519,0.016224343329668045,-0.0025408666115254164,-0.9996255040168762,-0.32726783489165606,0.12016790782302678,2.2742780859527443,-0.2866825026901594,-0.3183895984238494,0.0159486691718559
5.839757442474365,0.4991259276866913,-0.3014995753765106,0.018283454701304436,0.016114208847284317,-0.002567415591329336,-0.9996283650398254,1.1363805565995673,3.852083714534344,1.851371045180051,0.10492054552581727,-0.1515463823718079,0.00878525114523506
5.8597571849823,0.49896854162216187,-0.3012855052947998,0.018259650096297264,0.01626916043460369,-0.0024675677996128798,-0.9996243119239807,3.381179155956875,-6.992642053233206,2.514443887339836,-0.4731204362831914,-0.5806604984228481,0.010033529892203562
5.879781723022461,0.4991874694824219,-0.3012968599796295,0.01833699643611908,0.01604209654033184,-0.0023371069692075253,-0.9996341466903687,-0.6788019756006527,-1.5093014114386167,3.0079710187562494,-0.5399329849032861,-0.1652678469100115,0.04020351219412757
5.900021314620972,0.4992448687553406,-0.30163320899009705,0.01815338432788849,0.016047699376940727,-0.002548657823354006,-0.9996303915977478,-1.7648328411603127,11.310843355158113,7.491654982887178,0.7657865486521225,0.29079987050813544,0.021560072130749924
5.919941425323486,0.4988767206668854,-0.3014698326587677,0.018144501373171806,0.016374051570892334,-0.0026704196352511644,-0.9996183514595032,5.349254218780094,-1.1794326582300139,3.2545481504021505,0.04757589198299589,-0.6918602836563783,-0.013980585636985617
5.9397478103637695,0.4988906681537628,-0.30134472250938416,0.01833517663180828,0.01621623896062374,-0.002594505902379751,-0.9996255040168762,-0.6426296867933391,0.2077742887941182,1.9045015636034186,-0.34053759825997376,-0.3292386384874332,0.023586848818514743
5.959810018539429,0.49908551573753357,-0.3015202283859253,0.01839110627770424,0.01601945050060749,-0.0025669794995337725,-0.9996329545974731,0.6273674484735287,3.202501201066292,1.863978253612342,0.07770163243656701,-0.12554873182933246,0.016349846855841302
5.980008840560913,0.49887460470199585,-0.30131253600120544,0.018256304785609245,0.016229946166276932,-0.0025384908076375723,-0.9996259212493896,3.3793218614518654,-6.701969533890621,2.8524802513904097,-0.48182807822270884,-0.5873934188831242,0.008362447285352407
5.999663352966309,0.4990707039833069,-0.3013017773628235,0.018225595355033875,0.0160659346729517,-0.0023875669576227665,-0.9996330738067627,-0.7654290581562867,-1.011137403379633,3.0470436515791364,-0.4207903784548669,-0.1560763636207077,0.03607859993933096
6.019859790802002,0.4991333782672882,-0.30162930488586426,0.018105093389749527,0.016033396124839783,-0.002625472377985716,-0.9996297955513,-0.14698026309850695,10.900161749441828,8.101845410694876,0.7673314069186045,0.10234099177061712,0.010483443015961082
6.040168523788452,0.4987529516220093,-0.30148762464523315,0.018147654831409454,0.016319699585437775,-0.002759036375209689,-0.9996196627616882,5.0305231010196305,-1.5895237371183824,3.164096252577433,0.02388029786626319,-0.6969800519363251,-0.01406536615979085
6.060183763504028,0.4988023638725281,-0.30134356021881104,0.01833505928516388,0.01613566465675831,-0.0026499624364078045,-0.9996271729469299,-0.43706236965474654,0.5949894696439584,1.9777603201295293,-0.2529727093045759,-0.3299903586495819,0.01634454478185107
6.079820871353149,0.4989274740219116,-0.3014783263206482,0.018316779285669327,0.016031727194786072,-0.0026417828630656004,-0.9996312260627747,2.0145734893864273,2.051172229197026,1.4274907868903406,0.0033972246680039502,-0.2668739447881519,0.009022372116167094
6.100199937820435,0.49884989857673645,-0.3013019859790802,0.01828751340508461,0.016113851219415665,-0.0025818110443651676,-0.9996291399002075,1.7537837460260426,-5.610945335645439,1.3438623493234756,-0.36677199112958264,-0.4370927545575797,0.008497050770022494
6.11998724937439,0.49914517998695374,-0.30133864283561707,0.01836688257753849,0.01593446359038353,-0.002407079329714179,-0.9996364712715149,0.5826539139898622,0.3965877979571619,3.3968228873902904,-0.22204467348411558,-0.05110286848427705,0.03377533080947071
6.139983654022217,0.49908769130706787,-0.3015122711658478,0.018223965540528297,0.016110392287373543,-0.0025429276283830404,-0.9996294379234314,2.2371059221102283,3.2758853973929565,3.87832466117819,0.2685786768922142,-0.106494947270774,0.013222669109402889
6.159772634506226,0.4988171458244324,-0.30142202973365784,0.018300583586096764,0.016197524964809418,-0.0026823643129318953,-0.9996259808540344,3.347647238949978,-3.7789744308352784,1.0423657281160352,-0.21737572357673224,-0.5315006932482476,-0.00013081868656022316
6.1798951625823975,0.4990479052066803,-0.30139368772506714,0.018520504236221313,0.01592242531478405,-0.0025120258796960115,-0.9996373057365417,-0.899427722483091,1.150635963191132,3.5089972142797077,-0.21662477101567457,-0.10021243777271742,0.02624641923618346
6.199669361114502,0.49900344014167786,-0.30142349004745483,0.01839245855808258,0.016036730259656906,-0.00256051286123693,-0.999631941318512,4.3125723297908,-0.7474443837365382,0.8936521642637196,-0.1867865917270436,-0.37351525934394636,0.011220132274292728
6.219872951507568,0.49890798330307007,-0.3013230860233307,0.018250787630677223,0.016152827069163322,-0.002514568390324712,-0.999628484249115,-0.3027170208796975,-2.9935429325599383,1.8314432341820923,-0.32849672580702494,-0.2999286421793343,0.01879100356658555
6.240147590637207,0.49917006492614746,-0.3014979660511017,0.01830689050257206,0.015926597639918327,-0.0025142838712781668,-0.9996355175971985,-1.8750898310694841,5.409242943606388,2.554935642460229,0.09350986379262365,0.2129151128380559,0.032004756095031284
6.259831190109253,0.4988972842693329,-0.3013695478439331,0.018117375671863556,0.016345683485269547,-0.0025763562880456448,-0.9996208548545837,4.0678175048764595,-2.7392879046888425,5.216665570905729,-0.1584490578613284,-0.57066121317212,0.004725367349373209
6.2798895835876465,0.49892085790634155,-0.3014196455478668,0.018223753198981285,0.016110632568597794,-0.002619042992591858,-0.9996292591094971,-0.4433756263446865,2.441830216041928,1.6626211832101347,-0.26274138889604987,-0.16592977459847397,0.02236475931554755
6.299716234207153,0.498889684677124,-0.3013569414615631,0.01813451014459133,0.016192877665162086,-0.0025674437638372183,-0.9996261596679688,2.593171675338847,-1.529955889593747,3.5926082661402545,-0.09117524059319586,-0.3824953528623258,0.0060487279634821554
6.319810628890991,0.4989662170410156,-0.3013903498649597,0.0181749127805233,0.01606021448969841,-0.0025839530862867832,-0.999630331993103,0.5937692181186274,3.0772728161457583,2.0245161742102624,-0.24456593632494594,-0.1853998689534001,0.02497385441583345
6.339779376983643,0.49890148639678955,-0.3013947010040283,0.018252288922667503,0.016131849959492683,-0.002593963174149394,-0.9996285438537598,2.5139763621875892,-2.579566170711617,3.254615169925556,-0.1179206897599098,-0.3880063885297936,0.00019262014194527076
6.360290765762329,0.49891719222068787,-0.30137500166893005,0.018233489245176315,0.016117308288812637,-0.002558331936597824,-0.9996304512023926,-0.21544930588498507,1.655804551652155,1.5784443869532887,-0.375428165089597,-0.18639859024093156,0.03393116060535672
6.379905462265015,0.49894869327545166,-0.30140432715415955,0.018191974610090256,0.016127081587910652,-0.0026041422970592976,-0.9996285438537598,2.0866424089727227,0.43886094165998857,3.504909137775546,0.07903293356731513,-0.29561138509910045,0.0033540649338663787
6.399778842926025,0.4988977015018463,-0.3013306260108948,0.018330959603190422,0.016079522669315338,-0.0025749122723937035,-0.9996311068534851,1.5346497417052438,0.03812205060032796,0.1896841788775619,-0.3985066498829922,-0.29049635404104557,0.023925269853610626
6.41978907585144,0.4990190863609314,-0.30136436223983765,0.018434103578329086,0.015955204144120216,-0.002500387839972973,-0.9996355772018433,-2.693297111894389,-0.3064382766357975,3.9752060206089297,-0.005691445814886225,-0.008492364555662074,0.022501418668848246
6.439776659011841,0.4989597499370575,-0.3013090193271637,0.01828777976334095,0.016060929745435715,-0.00248533533886075,-0.9996317028999329,5.098675930321965,-1.4407148033884094,1.5926648145635227,-0.5027227685279769,-0.4673695227967978,0.01893186851490748
6.459682941436768,0.49890783429145813,-0.3014375567436218,0.018247032538056374,0.01605079509317875,-0.002625738037750125,-0.9996311664581299,-1.0976473123892339,0.4881795482568616,2.7168989271136446,0.03156708446708619,-0.18315284545037588,0.009055567310846032
6.479905128479004,0.49894264340400696,-0.3013380169868469,0.018243003636598587,0.01610097847878933,-0.0025553537998348475,-0.999630331993103,2.654814391289845,-2.160269899452804,2.370053066875789,-0.4281598490363225,-0.30261386375380017,0.019825184211754287
6.499873638153076,0.4989927411079407,-0.3014734387397766,0.01824071630835533,0.01603291928768158,-0.002579784719273448,-0.9996324181556702,-0.9840765083072435,3.742432632574181,3.310586292396643,0.22004484446502176,-0.05746308683933631,0.01028168796165805
6.519757986068726,0.4988471567630768,-0.3013746440410614,0.018175402656197548,0.01624043472111225,-0.0026058261282742023,-0.9996254444122314,4.44370996477829,-5.386500147445873,3.8787598833193977,-0.40506305543407967,-0.5288557425461294,0.013999248325725952
6.540143251419067,0.4989311099052429,-0.3014304041862488,0.018173029646277428,0.016064029186964035,-0.0025985490065068007,-0.9996310472488403,-1.1716621582566333,2.0292819702228138,3.2457456930807553,-0.20225913216490132,-0.16195128403663184,0.022645170204708236
6.560302495956421,0.4988817572593689,-0.30142682790756226,0.01801707036793232,0.01619621366262436,-0.0026294540148228407,-0.9996253252029419,3.6004002041648313,0.6317544355175304,9.323344298556567,0.001436148760149792,-0.455939694608043,0.01242713348891655
6.580044984817505,0.4988577365875244,-0.30154913663864136,0.018289679661393166,0.01597260683774948,-0.0027323730755597353,-0.9996328353881836,2.308243346318033,4.282249436706281,1.0323859679772456,-0.02146186357003754,-0.32071901558842236,0.0032452056798767115
6.599666118621826,0.49877268075942993,-0.3013598918914795,0.018448682501912117,0.016036493703722954,-0.002699736738577485,-0.9996290802955627,0.8094610221579441,-4.495982234249958,1.88999023577382,-0.11817441661179828,-0.4679420340188444,-0.0010152626778182558
6.62006402015686,0.4990200996398926,-0.3012003004550934,0.018407974392175674,0.015913724899291992,-0.002454661298543215,-0.9996347427368164,1.6081837132594272,0.6735093419786532,0.769203390607303,-0.5869243671478644,-0.29494642911270835,0.03630624850761183
6.640126466751099,0.49919572472572327,-0.3014134168624878,0.018305499106645584,0.01585734635591507,-0.0024587297812104225,-0.999636709690094,-2.8612171747279356,2.0186443508928136,2.6531717757722793,0.30429797496686534,0.22171252189700455,0.022329824263567485
6.659936428070068,0.4990120232105255,-0.3011322617530823,0.018147772178053856,0.01609179936349392,-0.0023722106125205755,-0.9996294975280762,3.831311398186705,-6.888945980976282,3.3152302281287365,-0.8581788178610402,-0.4367718802745896,0.03215373643162461
6.679934978485107,0.499112993478775,-0.3013268709182739,0.018138965591788292,0.015896441414952278,-0.0024648851249367,-0.9996360540390015,-2.325371187418081,-0.9995402925815048,3.3636056479175784,-0.2635343527675382,-0.029473016981492815,0.03013438821004948
6.699868440628052,0.49909788370132446,-0.30154940485954285,0.018058786168694496,0.015938755124807358,-0.0026112068444490433,-0.9996320605278015,0.18040848008501853,6.260182426297477,14.772954808056962,0.36834581505545344,0.0636330524395274,0.02078963398452384
6.720047235488892,0.49872276186943054,-0.30154624581336975,0.01816406287252903,0.016073444858193398,-0.002872214186936617,-0.9996259808540344,5.156894120424034,1.6172413994635544,3.8388936466966506,0.13492104978890057,-0.5828999539941122,-0.01776141357789791
6.7399492263793945,0.49856215715408325,-0.3014816343784332,0.018345270305871964,0.01599513366818428,-0.002923094667494297,-0.9996278285980225,0.5100696700983637,-0.2905097977091285,0.09596059066722754,-0.0023372561052388916,-0.5159756967379724,-0.012071117120112655
6.759908676147461,0.4989831745624542,-0.30139869451522827,0.018509527668356895,0.015781180933117867,-0.00261736405082047,-0.9996368288993835,-0.9270318594213998,-0.8986940257442785,1.9687473989813458,-0.1840939430429513,-0.07014844082146922,0.026303352288923887
6.780182838439941,0.49911782145500183,-0.3014262318611145,0.01851743645966053,0.015766043215990067,-0.002548530697822571,-0.9996382594108582,1.4773996921597408,4.040666942861295,2.7068603184555258,0.03987274613292361,0.014853702022384075,0.02720162507582759
6.799996852874756,0.4987715184688568,-0.30130496621131897,0.018379727378487587,0.016031965613365173,-0.002652648137882352,-0.9996297955513,1.5175779831242378,-7.214853737978044,1.5308946171820355,-0.37991582961582604,-0.39848756848670286,0.017746686928111172
6.820093393325806,0.49892422556877136,-0.3013038635253906,0.018377531319856644,0.015825998038053513,-0.002548519056290388,-0.999638020992279,-2.367317076400815,-1.863329385362618,1.8189915592063841,-0.5268868420477547,-0.08716166048747877,0.042333251087433355
6.8397955894470215,0.49911558628082275,-0.3015812933444977,0.018205320462584496,0.01577283814549446,-0.002652969444170594,-0.9996384978294373,-2.737048096716133,8.441452384105443,2.8087245479091063,0.5772498831510631,0.30168097479789374,0.026716995350818513
6.860053062438965,0.4987303912639618,-0.3013578951358795,0.018071483820676804,0.016141146421432495,-0.00273412698879838,-0.9996246099472046,5.222871044872591,-5.54675339938007,4.898141315832039,-0.3666497451832685,-0.6828591429912522,0.007562387219094371
6.879819631576538,0.4988363981246948,-0.3013111352920532,0.018244732171297073,0.015892984345555305,-0.0026326673105359077,-0.9996341466903687,-1.5513823357387435,0.7797652417591829,2.9422946064889124,-0.3720201858510396,-0.15107274985275237,0.028225616787030724
6.899782657623291,0.4988374710083008,-0.3014850914478302,0.018098242580890656,0.015917301177978516,-0.0027542421594262123,-0.9996322393417358,1.6469030769318382,3.1819563733794105,4.534572112121729,0.17897217981705266,-0.3183003875869303,0.0007848313428699891
6.920020818710327,0.4987059235572815,-0.3013819456100464,0.018213145434856415,0.015927907079458237,-0.0027773077599704266,-0.9996318221092224,3.5092451913507894,-2.9484316573046145,1.5863400358371909,-0.32144513245972234,-0.5613913411210385,0.003814607483887412
6.93979024887085,0.4988987445831299,-0.3014533817768097,0.018466776236891747,0.015697743743658066,-0.002686773194000125,-0.999641478061676,-0.5032153372050772,1.1985786455204848,3.7863977870822114,-0.0507001869873599,-0.12982306486461548,0.01598520732270168
6.95987606048584,0.49884432554244995,-0.30145683884620667,0.01832805760204792,0.015864020213484764,-0.0027168544474989176,-0.9996348023414612,3.691029738269928,-1.556099615476138,1.2702922712123799,-0.15747477240040839,-0.39721965918729824,0.0076712454380348065
6.979901313781738,0.49878647923469543,-0.30144280195236206,0.01824905537068844,0.015909552574157715,-0.002728100400418043,-0.9996331334114075,0.19445728772189325,-1.03482385767368,1.7258191618279022,-0.12983791164158476,-0.26688410332555,0.01280142276805172
6.999920845031738,0.4989950656890869,-0.3015679717063904,0.018346590921282768,0.015773434191942215,-0.0026971788611263037,-0.999638020992279,-0.3943801570090131,4.7749651528117925,1.3451520157896193,0.15187834256512048,0.07286832130411364,0.017253027500213118
7.019680023193359,0.49874553084373474,-0.301328182220459,0.01821175403892994,0.016069749370217323,-0.00268750567920506,-0.9996280074119568,3.0930723150726256,-6.4841111047765185,2.640951496692418,-0.3428769134847622,-0.48465865522323204,0.011596749260447582
7.039999961853027,0.49886277318000793,-0.3012538254261017,0.01818406581878662,0.015899421647191048,-0.002571787917986512,-0.999634861946106,-1.244032419399221,-0.9163404494747863,2.18242223719533,-0.5313329046883435,-0.1507827668697438,0.03675036061728874
7.059755086898804,0.4990527629852295,-0.30158406496047974,0.0180681012570858,0.01572730392217636,-0.0027131300885230303,-0.9996373057365417,-1.05031716038426,11.278319692464903,7.409512034552744,0.7563368736295523,0.17524298177606898,0.019332863389638327
7.079791784286499,0.49868345260620117,-0.3014600872993469,0.01810118556022644,0.0160285085439682,-0.002827220596373081,-0.9996277689933777,5.169494418169083,-3.0466103245074514,3.625989376312649,-0.18581737657893393,-0.652675314997617,-0.003942068532602698
7.100080728530884,0.4987035095691681,-0.30137625336647034,0.018263211473822594,0.015876296907663345,-0.002758731134235859,-0.9996340274810791,-1.0926309669739491,1.0838472724515893,2.8165278418588717,-0.23214961483742794,-0.24268854700770262,0.01715320354857912
7.119966506958008,0.498786985874176,-0.3014819920063019,0.018220260739326477,0.01585734449326992,-0.0027750430162996054,-0.9996344447135925,2.671009418862057,1.2508981050781867,1.981263840860457,-0.002635907438002412,-0.34864434746928885,0.0062444435431737305
7.139797687530518,0.49875569343566895,-0.3013714551925659,0.018263397738337517,0.015858180820941925,-0.002716434421017766,-0.9996350407600403,0.500291453578645,-2.4703846055210406,1.1515089607316173,-0.2754714168181435,-0.3455327887359636,0.01140258563100737
7.1599907875061035,0.4990251064300537,-0.30150628089904785,0.018396342173218727,0.01564684882760048,-0.002628297545015812,-0.9996426105499268,-0.5484036216043415,3.8915950855888086,3.3595030593242257,0.09127520032607998,0.039272024510232394,0.024293397009975723
7.180006265640259,0.4988270699977875,-0.3013957440853119,0.01821191981434822,0.016002286225557327,-0.0026935639325529337,-0.9996299147605896,4.434921981384688,-4.45314155565963,2.3483033368817408,-0.2734753213144328,-0.4809281801195933,0.012289973922055608
7.200009346008301,0.4988493323326111,-0.3013207018375397,0.018181366845965385,0.01590454764664173,-0.0026435297913849354,-0.999633252620697,-0.7903356710199467,-0.04223541039940952,2.5455792827927524,-0.3405308873889913,-0.15041826400883618,0.027801388499493675
7.219843626022339,0.4989534318447113,-0.30149394273757935,0.01815306954085827,0.015797629952430725,-0.002698182361200452,-0.9996358156204224,1.2957467199875379,5.472584367365867,3.6047311682583203,0.28629217219379643,-0.04116471153808224,0.010897614359392682
